aw_release;category;area;topic;feature
06. Jan;Deliver;Analytics;Classification;Update released classification definition objects
06. Jan;Deliver;Analytics;Search and Analytics - Reporting and Analytics;Dashboard reports for structures and related content
06. Jan;Deliver;Analytics;Search and Analytics - Search;Search content inside zip files directly from Active Workspace
06. Jan;Deliver;Materials;Integrated Material Management;Leverage Materials Management capabilities on Active Workspace
06. Jan;Deliver;Service;Service Engineering;Create lot
06. Jan;Deliver;Service;Service Engineering;Preserve quantity in service structure
06. Jan;Deliver;Service;Service Engineering;Pack and unpack neutral structure independently from service structure
06. Jan;Deliver;Service;Service Engineering;Rebase part alignment more easily with additional attributes and values
06. Jan;Develop;Electronics;Design Management;Device effectivity configuration management
06. Jan;Develop;Simulation;Simulation Process Management;Physical test results management and Simcenter Testlab integration
06. Jan;Develop;Simulation;Simulation Process Management;Simcenter System Architect Parameter Management and Execute Analysis in Batch
06. Jan;Develop;Simulation;Simulation Process Management;Simcenter System Simulation Client for Git workflow enhancements
06. Jan;Develop;Simulation;Simulation Process Management;Simcenter System Architect Miscellaneous Usability Improvements
06. Jan;Develop;Visualization;Visualization - Usability;Visualize worksets in Active Workspace and Teamcenter Visualization
06. Jan;Develop;Visualization;Visualization - Usability;See viewer update in real-time during Smart Discovery filtering operations
06. Jan;Develop;Visualization;Visualization - Usability;Loading structure faster into both Active Workspace and Teamcenter Visualization
06. Jan;Develop;Visualization;Visualization - Usability;Just-in-time data loading for Server-Side Rendering
06. Jan;Develop;Visualization;Visualization - Usability;Load and interact with data more quickly using Client-Side Rendering
06. Jan;Foundation;Extensibility;Platform - Active Workspace Framework - Extensibility;Auto resolve Item-ID collisions during supplier data exchange
06. Jan;Foundation;Industry Solutions;Teamcenter X Industry Solution;Introducing PLM for Component Manufacturers on Teamcenter X
06. Jan;Foundation;Industry Solutions;Teamcenter X Industry Solution;Medical Devices Labeling Solution
06. Jan;Foundation;Industry Solutions;Teamcenter X Industry Solution;ECAD integrations, improvements to workflows and streamlined user experience on Teamcenter X
06. Jan;Plan;Bill of Materials;Design BOM Alignment;Automation enhancements on Design BOM alignment coordinated authoring and updates
06. Jan;Plan;Bill of Materials;Design BOM Alignment;Management of mechanical, electrical, electronics and software parts in Engineering Bill of Material
06. Jan;Plan;Bill of Materials;Design BOM Alignment;EBOM integration with material, supplier, partner connect and change management
06. Jan;Plan;Bill of Materials;Design BOM Alignment;EBOM maturity management and engineering change package validation execution
06. Jan;Plan;Bill of Materials;Partitions;Specify primary partitions, Find within partitions, and Duplicate partitions within structure
06. Jan;Plan;Bill of Materials;Smart Discovery;Manage multiple work contexts with a Workset
06. Jan;Plan;Bill of Materials;Structure Management;Configuration and custom hooks and multi-level update of solution variants
06. Jan;Plan;Configuration;Product Configuration;Product Configurator usability improvements
06. Jan;Plan;Process;Change Management;Track Engineering and Assembly BOM effectivity cutbacks with BOM redlines and in Change summary
06. Jan;Plan;Process;Schedule Manager;Notification and subscription support for schedule and schedule task events in Active Workspace
06. Jan;Plan;Process;Schedule Manager;View two baselines of a Schedule on Gantt
06. Jan;Plan;Requirements;Requirements Management;Traceability matrix usability improvements
06. Jan;Plan;Systems;MBSE - System Verification and Model Management;Improve import/export performance of large sized model (>10000 elements)
06. Feb;Deliver;Analytics;Classification;Import classification hierarchy and class definitions directly in Active Workspace for Basic Classification
06. Feb;Deliver;Analytics;Classification;Classify the objects right within your application context
06. Feb;Deliver;Analytics;Classification;Add classified objects without losing your application context
06. Feb;Deliver;Analytics;Search and Analytics - Reporting and Analytics;Easily add, modify, and arrange your reports on your Dashboard
06. Feb;Deliver;Analytics;Search and Analytics - Search;Search and discover data indexed from external applications
06. Feb;Deliver;Analytics;Search and Analytics - Search;Search NX part attributes, PMI notes and labels from Active Workspace with keyword search
06. Feb;Deliver;Analytics;Search and Analytics - Search;Configure Active Workspace to display count of inaccessible search results
06. Feb;Deliver;Analytics;Search and Analytics - Search;Number of advanced search  results returned by is displayed as a useful summary
06. Feb;Deliver;Analytics;Search and Analytics - Search;Configure queries displayed for advanced search
06. Feb;Deliver;Analytics;Search and Analytics - Search;Select multiple filters to apply on search results
06. Feb;Deliver;Analytics;Search and Analytics - Search;New indexer flow to independently build search suggestions
06. Feb;Deliver;Sustainability;Environmental Compliance and Product Sustainability;Maintain compliance with global regulations and compliance portals such as the International Material Data System (IMDS)
06. Feb;Develop;Documents;Document Management;Print markup for temporary summary of markup
06. Feb;Develop;Documents;Document Management;Create a public markup disposition report
06. Feb;Develop;Documents;Document Management;Create a private markup disposition report
06. Feb;Develop;Documents;Document Management;Capture disposition report in context of the document revision
06. Feb;Develop;Documents;Document Management;Launch Adobe Acrobat from Active Workspace
06. Feb;Develop;Simulation;Simulation Process Management;End to end workflows and automation for physical test results management
06. Feb;Develop;Simulation;Simulation Process Management;Improved HEEDS integration including seamless Parameter Consumption
06. Feb;Develop;Visualization;Visualization - Client Side Rendering;Enhancements to visual navigation and exploration
06. Feb;Develop;Visualization;Visualization - Client Side Rendering;Control of data visibility when starting 3D structure visualization
06. Feb;Develop;Visualization;Visualization - Client Side Rendering;Tree-Graphics Selection Performance Improvements
06. Feb;Develop;Visualization;Visualization - Deployability & Infrastructure;Gather Diagnostic Information to support Active Workspace Reporting
06. Feb;Develop;Visualization;Visualization - BOM Integration;More speed and better usability connecting Active Workspace to Lifecycle Visualization using the updated Info Browser
06. Feb;Develop;Visualization;Visualization - BOM Integration;Load pages of product structure in parallel for faster load performance with 3D visualization
06. Feb;Develop;Visualization;Visualization - BOM Integration;Visualize worksets in Active Workspace and Teamcenter Visualization
06. Feb;Foundation;Deployability;Platform - Security - Authorization;Access Manager in Active Workspace
06. Feb;Foundation;Extensibility;Platform - Active Workspace Framework - Extensibility;Leverage React Developer Tools to properly debug your application
06. Feb;Foundation;Extensibility;Platform - Active Workspace Framework - Extensibility;High performing, reactive, reusable, and composable component client framework
06. Feb;Foundation;Extensibility;Platform - Active Workspace Framework - Extensibility;Audit tools uses ESLint to display warnings, errors, and suggestions directly in VS Code
06. Feb;Foundation;Extensibility;Platform - Active Workspace Framework - Extensibility;XRT Editor updated to use Monaco editor, the same editor used in VSCode
06. Feb;Foundation;Extensibility;Platform - Active Workspace Framework - Extensibility;Reuse the same table configuration for multiple table instances
06. Feb;Foundation;Extensibility;Platform - Active Workspace Framework - Extensibility;Updated Action Builder to allow editing the source code for the action’s view model
06. Feb;Foundation;Industry Solutions;Industries - Med Devices;Unique Device Identifier (UDI) management for the European Union
06. Feb;Foundation;Industry Solutions;Industries - PLM for Component Manufacturers;Manufacturing planning and change management for component manufacturers
06. Feb;Foundation;Industry Solutions;Industries - PLM for Component Manufacturers;Execute engineering change processes within PLM for Component Manufacturers
06. Feb;Foundation;Industry Solutions;Industries - PLM for Component Manufacturers;Customer collaboration for component manufacturers
06. Feb;Foundation;Industry Solutions;Industries - PLM for Component Manufacturers;Streamline the engineering release process by submitting multiple items at once
06. Feb;Foundation;Industry Solutions;Industries - Semiconductor Lifecycle Management;Introducing Semiconductor Lifecycle Management
06. Feb;Foundation;Industry Solutions;Industries - Semiconductor Lifecycle Management;Accelerate NPI with pre-defined semiconductor project management templates and characteristics
06. Feb;Foundation;Industry Solutions;Industries - Semiconductor Lifecycle Management;Manage chip design artifacts along with wafer process technology using semiconductor site qualification processes​
06. Feb;Foundation;Industry Solutions;Industries - Semiconductor Lifecycle Management;Leverage Teamcenter Manufacturing for planning front-end and back-end semiconductor manufacturing
06. Feb;Foundation;Industry Solutions;Industries - Semiconductor Lifecycle Management;Ensure end-to-end traceability from product inception to chip manufacture with a digital thread for semiconductor devices​
06. Feb;Foundation;Usability;Platform - Active Workspace Framework - Usability;Page load skeletons and improved selection styling 
06. Feb;Foundation;Usability;Platform - Active Workspace Framework - Usability;High performing, reactive, reusable, and composable component client framework
06. Feb;Foundation;Usability;Platform - Active Workspace Framework - Usability;A movable and resizable alternative for standard command panels
06. Feb;Foundation;Usability;Platform - Active Workspace Framework - Usability;Improved usability and productivity of dropdowns
06. Feb;Foundation;Usability;Platform - Active Workspace Framework - Usability;Exposed Performance Monitor 
06. Feb;Foundation;Usability;Platform - Active Workspace Framework - Usability;Increased coverage for logging and performing more commands 
06. Feb;Foundation;Usability;Platform - Active Workspace Framework - Usability;A new full-screen component enables any component to be taken to full screen
06. Feb;Foundation;Usability;Platform - Active Workspace Framework - Usability;Now possible to visually distinguish selections
06. Feb;Plan;Bill of Materials;Color BOM;Use a generic or less finish part to serve as the engineering template for colored parts and material specifications
06. Feb;Plan;Bill of Materials;Color BOM;Manage valid color combination definitions based on color variability scope
06. Feb;Plan;Bill of Materials;Color BOM;Automate the explosion of generic parts to color parts based on color rules
06. Feb;Plan;Bill of Materials;Design BOM Alignment;Migration utilities for from Multi Structure Manager alignment to Design BOM alignment 
06. Feb;Plan;Bill of Materials;Design BOM Alignment;Author and manage coordinated evolution of a single EBOM of a product with multi domain  commercial parts using Design BOM Alignment
06. Feb;Plan;Bill of Materials;Design BOM Alignment;Control evolution of impacted Parts while performing automated EBOM updates from modified Designs through a configurable system preference
06. Feb;Plan;Bill of Materials;Design BOM Alignment;Control automated generation of summarized EBOM with quantity and alignment from Design Occurrences under organizational nodes
06. Feb;Plan;Bill of Materials;Design BOM Alignment;Leverage the power of Workset for collaborative EBOM with aligned Design for visual engineering analysis
06. Feb;Plan;Bill of Materials;Design BOM Alignment;Navigate and view the EBOM home page with relevant EBOM data and collaboration data dashboards tailored for a product release engineering role
06. Feb;Plan;Bill of Materials;Design BOM Alignment;Leverage out-of-the-box EBOM tree views based on column configurations of EBOM properties for EBOM authoring and configuration
06. Feb;Plan;Bill of Materials;Design BOM Alignment;Create Part and Part Usages with a simplified dialog for improved authoring experience
06. Feb;Plan;Bill of Materials;Smart Discovery;Work on your multi-structure workset seamlessly across applications such as Teamcenter Visualization
06. Feb;Plan;Bill of Materials;Smart Discovery;Capture visualization assets like measurements, markups, sections, and camera orientations created for your workset with snapshots and sessions
06. Feb;Plan;Bill of Materials;Smart Discovery;Change the configuration or filtering settings and then choose when those get applied to the tree and 3D visualization
06. Feb;Plan;Bill of Materials;Smart Discovery;Interactively control whether you Include the children of an assembly or not
06. Feb;Plan;Bill of Materials;Smart Discovery;Overlay Partition Schemes on structure under a multi-structure workset
06. Feb;Plan;Bill of Materials;Smart Discovery;Smart Discovery Index Item/Revisions replicated to your local site
06. Feb;Plan;Bill of Materials;Smart Discovery;Property values no longer in your structure are removed from you Filter choices
06. Feb;Plan;Bill of Materials;Smart Discovery;Perform access check on Item Revision property values
06. Feb;Plan;Bill of Materials;Structure Management;Import additional information with your structure
06. Feb;Plan;Bill of Materials;Structure Management;Import structures for item types that use multi-field keys
06. Feb;Plan;Bill of Materials;Structure Management;View connections and item elements in the structure and in the 3D viewer
06. Feb;Plan;Bill of Materials;Structure Management;View information about assembly (BVR) object in Active Workspace
06. Feb;Plan;Bill of Materials;Structure Management;Quickly understand in which products a particular item is used
06. Feb;Plan;Bill of Materials;Structure Management;More easily initiate a structure compare, with a ‘Compare Structures’ command
06. Feb;Plan;Bill of Materials;Structure Management;Scroll through large structures without delays for loading properties
06. Feb;Plan;Bill of Materials;Structure Management;End Item text has been removed from the header
06. Feb;Plan;Bill of Materials;Structure Management;Manage targets and create a mass rollup report of content organized by Partitions
06. Feb;Plan;Configuration;Product Configuration;Author variability in dictionary and configurator contexts in Active Workspace
06. Feb;Plan;Configuration;Product Configuration;Create and edit Configurator constraints in Active Workspace
06. Feb;Plan;Configuration;Product Configuration;Variant Condition Editor improvements
06. Feb;Plan;Configuration;Product Configuration;Change out of the box Configurator settings
06. Feb;Plan;Configuration;Product Configuration;Before creating a numeric Feature, copy NAME attribute into ID
06. Feb;Plan;Process;Change Management;Track the impacted items relationships with solutions items using replacement groups within a change summary
06. Feb;Plan;Process;Change Management;View evolution of a part or an assembly over multiple changes using Genealogy
06. Feb;Plan;Process;Change Management;Propagate relations from a change object to a schedule task for detailed implementation
06. Feb;Plan;Process;Change Management;Rapidly merge unincorporated changes to the existing designs
06. Feb;Plan;Process;Change Management;Select a workflow template during a change creation or derivation
06. Feb;Plan;Process;Change Management;Easy Change creation using the changes toolbar
06. Feb;Plan;Process;Change Management;Open the change once it has been created
06. Feb;Plan;Process;Change Management;Add participants during a change creation or derivation
06. Feb;Plan;Process;Change Management;Easily discover the frequently used commands while working on a change
06. Feb;Plan;Process;Change Management;Search and open a change from the Active Change list
06. Feb;Plan;Process;Change Management;Set the newly-created change notice as the active change
06. Feb;Plan;Process;Program Planning;View all programs, events and program deliverables dashboard
06. Feb;Plan;Process;Program Planning;All Programs Summary reports at My Dashboard tab
06. Feb;Plan;Process;Schedule Manager;View and modify schedule base calendars
06. Feb;Plan;Process;Schedule Manager;Create and manage user calendars
06. Feb;Plan;Process;Schedule Manager;Manage schedule specific calendars
06. Feb;Plan;Process;Schedule Manager;Trigger a schedule task without a workflow
06. Feb;Plan;Process;Schedule Manager;Zoom using control plus mouse scroll on Gantt and Timeline
06. Feb;Plan;Process;Schedule Manager;Drag the work complete bar within Gantt task
06. Feb;Plan;Process;Workflow;Allowing users to configure the way tasks are displayed provides a quick, clear understanding of the tasks in a workflow
06. Feb;Plan;Process;Workflow;Support for a new participant type in access manager rules provides for quick access to workflow participant types
06. Feb;Plan;Requirements;Requirements Management;Tailorable requirement specification reports
06. Feb;Plan;Requirements;Requirements Management;Requirement modifications during Word round-trip
06. Feb;Plan;Requirements;Requirements Management;Build new specification from existing requirements
06. Feb;Plan;Systems;MBSE - Global Attribute and Parameter Management;Optimize parameter exchange for concept simulation
06. Feb;Plan;Systems;MBSE - Global Attribute and Parameter Management;Definition-less user experience
06. Feb;Plan;Systems;MBSE - Global Attribute and Parameter Management;Less Steps to Create Definition-less Parameters
06. Feb;Plan;Systems;MBSE - Global Attribute and Parameter Management;Map parameters from MBSE to Simulation
06. Feb;Plan;Systems;MBSE - Global Attribute and Parameter Management;Less Steps to Create Definition-based Parameters
06. Feb;Plan;Systems;MBSE - Global Attribute and Parameter Management;Less Steps to Edit Parameters
06. Feb;Plan;Systems;MBSE - System Verification and Model Management;Navigate architecture interfaces to identify impacts
06. Feb;Plan;Systems;MBSE - System Verification and Model Management;Manage system interfaces in Teamcenter as part of the normalized multi-domain system architecture information model
06. Feb;Plan;Systems;MBSE - Verification Planning and Execution;Streamline process for multi-disciplinary analyses and optimization (MDAO) simulation
06. Feb;Plan;Systems;MBSE - Verification Planning and Execution;Provide design analysis and validation with simulation
06. Feb;Plan;Systems;MBSE - Verification Planning and Execution;Enable View and Edit
06. Feb;Plan;Systems;MBSE - Verification Planning and Execution;Test and Verification Request updates for MDO parameters
06. Feb;Plan;Systems;MBSE - Verification Planning and Execution;Define Objectives for Optimization Analysis
06. Feb;Plan;Systems;MBSE - Verification Planning and Execution;Verification Overview Tab supports Active Workspace primary/secondary operations
06. Feb;Plan;Systems;MBSE - Verification Planning and Execution;Launch to Test Devices and Instruments
06. Feb;Plan;Systems;MBSE - Verification Planning and Execution;Display best value and evaluation results
06. Feb;Plan;Systems;MBSE - Verification Planning and Execution;Multiple Configuration points for Admins and Users
06. Feb;Plan;Systems;MBSE - Verification Planning and Execution;Search & add existing model and analysis
06. Feb;Plan;Systems;MBSE - Verification Planning and Execution;Create, Update, Modify, Execute MDO Analysis
06. Feb;Plan;Systems;MBSE - Verification Planning and Execution;Map parameters from MBSE to Simulation
06. Feb;Plan;Systems;MBSE - Verification Planning and Execution;Publish and synchronize parameter values
06. Feb;Plan;Systems;MBSE - Verification Planning and Execution;Test Result tab supports each test object in tree view, with quick parameter cross-probing
06. Mrz;Deliver;Analytics;Classification;View classification admin data
06. Mrz;Deliver;Analytics;Classification;Support Administrative use cases in Basic Classification
06. Mrz;Deliver;Analytics;Search and Analytics - Reporting and Analytics;View the layout of the report as you are building it
06. Mrz;Deliver;Analytics;Search and Analytics - Reporting and Analytics;Share your report with only the people that will need it
06. Mrz;Deliver;Analytics;Search and Analytics - Search;Search and discover data from embedded text in image format files
06. Mrz;Deliver;Analytics;Search and Analytics - Search;Organize filters in groups
06. Mrz;Deliver;Analytics;Search and Analytics - Search;View and edit saved searches from a single location for improved ease of use
06. Mrz;Deliver;Analytics;Search and Analytics - Search;Conveniently access common search functions from a streamlined, consolidated search box
06. Mrz;Deliver;Materials;Integrated Material Management;Quickly find materials with specific substance compositions
06. Mrz;Deliver;Materials;Integrated Material Management;Quickly understand the differences in key material properties by comparing them graphically
06. Mrz;Deliver;Quality;Control & Inspection Planning;Improved usability and ballooning functionality based on 2D/3D PMI’s
06. Mrz;Deliver;Quality;Control & Inspection Planning;Several improvements for Control plan enhanced content and document usage
06. Mrz;Deliver;Quality;Failure Mode and Effects Analysis (FMEA);A risk matrix provides a helpful visual overview of the Criticalities (S= severity, C= occurrence , D= detection) across the FMEA.
06. Mrz;Deliver;Quality;Failure Mode and Effects Analysis (FMEA);Linkage of different FMEAs to connect design and process or to build a component structure
06. Mrz;Deliver;Quality;Failure Mode and Effects Analysis (FMEA);Advanced working functionality for form sheet to save time
06. Mrz;Deliver;Quality;Failure Mode and Effects Analysis (FMEA);Improved usability for net view plus additional functionality to save layouts
06. Mrz;Deliver;Quality;Quality Action Management;Keep all your relevant information in the quality management workspace
06. Mrz;Deliver;Quality;Quality Project Management (APQP);Use enhanced quality master data and functionalities for quality checklist
06. Mrz;Deliver;Quality;Quality Project Management (APQP);Improved capabilities to manage quality projects such as APQP or Supplier PPAP projects
06. Mrz;Deliver;Quality;Problem Solving;Defect creation based on Problem Description Markups
06. Mrz;Deliver;Quality;Problem Solving;Enhancements in Root Cause Analysis RCA for Ishikawa and 5 Why methods
06. Mrz;Deliver;Quality;Problem Solving;Closing the loop with the impacted item evaluation by showing all connected items
06. Mrz;Deliver;Quality;Problem Solving;Root Cause Analysis Browser 
06. Mrz;Deliver;Service;Service Engineering;Define Characteristics and Lot on part
06. Mrz;Deliver;Service;Service Engineering;Identify parts that are life limited based on Manufacturing date and Installation date
06. Mrz;Deliver;Service;Service Engineering;View the impact of multi-BOM changes on both the source BOM and service BOM
06. Mrz;Deliver;Service;Service Engineering;Pack and Unpack child parts under an assembly and sub-assembly
06. Mrz;Deliver;Service;Service Engineering;Using the Skip Part property on the part logistic form makes it easier to work the manufacturing BOM to generate physical structures
06. Mrz;Deliver;Service;Service Engineering;Configure and visualize the product structure for both the source BOM and Service BOM
06. Mrz;Deliver;Service;Service Engineering;Create Relationship between Service Requirements to identify the need of Requires and Satisfies capability 
06. Mrz;Deliver;Service;Service Engineering;Add attachments to Service Requirement and Work cards based on the relation type
06. Mrz;Deliver;Service;Service Engineering;Reorder activities into the proper execution order
06. Mrz;Deliver;Service;Service Engineering;Add skills to the service plan to define roles required to complete the assigned tasks
06. Mrz;Deliver;Service;Service Engineering;Synchronize viewing of parts with service requirements
06. Mrz;Deliver;Service;Service Engineering;View supporting documents attached to Work cards and activities
06. Mrz;Deliver;Service;Service Engineering;Configure notifications for parts to track when they are approaching end-of-life
06. Mrz;Deliver;Service;Service Engineering;Generate Multiple Physical Parts at once by reducing repetitive actions 
06. Mrz;Deliver;Service;Service Engineering;Control generation of As-Maintained structure when occurrence-based PLF forms are present 
06. Mrz;Deliver;Service;Service Engineering;Install multiple lot parts with a single service event
06. Mrz;Deliver;Service;Service Engineering;Quickly and visually identify when an asset has an open discrepancy within the physical structure
06. Mrz;Deliver;Service;Service Engineering;Insert part movements on a historical date for missing entries
06. Mrz;Deliver;Service;Service Engineering;Adding Comments on Service Events gives Technician ability to capture details
06. Mrz;Deliver;Service;Service Engineering;Recording activity entry value on earlier date helps to maintain correct utilization of an asset
06. Mrz;Deliver;Service;Service Engineering;Provide date & time as input when rebasing the physical structure
06. Mrz;Develop;Simulation;Simulation Process Management;Automatically Update CAE 3D Model BOM based off differences to Product BOM
06. Mrz;Develop;Simulation;Simulation Process Management;Enhanced HPC Configuration Options
06. Mrz;Develop;Simulation;Simulation Process Management;New launch method – tool launch in connected mode
06. Mrz;Develop;Simulation;Simulation Process Management;Newly created objects can now be saved to user-defined folders
06. Mrz;Develop;Simulation;Simulation Process Management;Computer Aided Engineering (CAE) datasets now support all file extensions
06. Mrz;Develop;Simulation;Simulation Process Management;Updated how VR renders within Analyst and Physical Test workspace
06. Mrz;Develop;Simulation;Simulation Process Management;CAE objects’ Simulation tab is now integrated into the Overview tab
06. Mrz;Develop;Simulation;Simulation Process Management;CAE out-of-date status is now enabled on CAE 3D Geometry and Physical Test Result objects
06. Mrz;Develop;Simulation;Simulation Process Management;Integration with Simcenter HEEDS Connect
06. Mrz;Develop;Simulation;Simulation Process Management;Map Program Level Parameters to System Simulation
06. Mrz;Develop;Simulation;Simulation Process Management;GIT based publish of Gold Copy System Simulation Models
06. Mrz;Develop;Visualization;Visualization - Usability;Interactively reposition parts and assemblies in three different ways, right from your browser 
06. Mrz;Develop;Visualization;Visualization - Usability;The navigation cube and triad have been combined into a single control
06. Mrz;Develop;Visualization;Visualization - Administrative Features;Admins can now enable and disable logging on the Visualization server via the web client without restarting the server
06. Mrz;Develop;Visualization;Visualization - Deployability & Infrastructure;Optimize compute resources when supporting client and server-side rendering users within the same enterprise
06. Mrz;Develop;Visualization;Visualization - Deployability & Infrastructure;Remember the render location and acceleration settings used for previously viewed assemblies
06. Mrz;Develop;Visualization;Visualization - Deployability & Infrastructure;Detect whether WebGL is supported and ask user to switch render location to server if necessary
06. Mrz;Develop;Visualization;Visualization - Deployability & Infrastructure;Monitor memory usage and suggest changing render locations when necessary
06. Mrz;Develop;Visualization;Visualization - Deployability & Infrastructure;Reserve slots on more expensive SSR servers for SSR users unless all CSR capacity is consumed
06. Mrz;Develop;Visualization;Visualization - Deployability & Infrastructure;Use Render Acceleration to support larger model sizes with client-side rendering
06. Mrz;Develop;Visualization;Visualization - Deployability & Infrastructure;Startup and interactive feature performance of 3D browser visualization keeps improving over time
06. Mrz;Develop;Visualization;Visualization - Usability;Using Drag, Manipulate, and Align to position parts inside of the web client
06. Mrz;Develop;Visualization;Visualization - Usability;Faster area selection makes selection of many parts fluid and easy, especially when used with explode
06. Mrz;Develop;Visualization;Visualization - Usability;Users can resize and position panels so they occupy screen space that makes sense for the work they are doing
06. Mrz;Develop;Visualization;Visualization - Usability;Pre-highlighting starts up immediately with no wait and edge display loads faster than before
06. Mrz;Develop;Visualization;Visualization - Usability;Progress bar percentage based on more accurate line count immediately
06. Mrz;Develop;Visualization;Visualization - BOM Integration;Launch and manage a synchronized Teamcenter Visualization DMU session from within the web client
06. Mrz;Foundation;Deployability;Platform - Security - Authorization;Add to Users, Groups or Roles to Project with Filters
06. Mrz;Foundation;Deployability;Platform - Security - Authorization;Select multiple projects and add team members from the summary screen
06. Mrz;Foundation;Extensibility;Platform - Active Workspace Framework - Extensibility;Perform roundtrip exchange of CAD drawings
06. Mrz;Foundation;Extensibility;Platform - Active Workspace Framework - Extensibility;Perform roundtrip exchange of non-CAD files, like MS Office documents, PDF, etc.
06. Mrz;Foundation;Extensibility;Platform - Active Workspace Framework - Extensibility;Drag-and-drop dozens of ready-made widgets from the Toolbox into the Canvas, to easily create new components tailored to your needs by leveraging the full power of Active Workspace Client Framework​
06. Mrz;Foundation;Extensibility;Platform - Active Workspace Framework - Extensibility;Configure commonly-used component properties using a property panel.
06. Mrz;Foundation;Extensibility;Platform - Active Workspace Framework - Extensibility;Action Builder now leverages the framework JSON Schemas to retrieve the correct action metadata and render the appropriate editing controls to configure each action
06. Mrz;Foundation;Extensibility;Platform - Active Workspace Framework - Extensibility;New command placement settings Style (Base, Primary) Show Title (Always, Never) are now supported in Command Builder
06. Mrz;Foundation;Extensibility;Platform - Active Workspace Framework - Extensibility;Some queries have been rewritten to perform much faster
06. Mrz;Foundation;Extensibility;Platform - Active Workspace Framework - Extensibility;See updates in Panel Builer after saving without having to refresh the browser window
06. Mrz;Foundation;Extensibility;Platform - Active Workspace Framework - Extensibility;Development Mode vs. Production Mode
06. Mrz;Foundation;Industry Solutions;Industries - CPR - CPG;Manage the lifecycle of your brands, ideas, campaigns, programs, etc. using industry specific, best practice workflows
06. Mrz;Foundation;Industry Solutions;Industries - CPR - CPG;Rapidly generate digital assets and manage their lifecycle with best practice workflows
06. Mrz;Foundation;Industry Solutions;Industries - CPR - CPG;Capture a comprehensive SKU definition as a BOM and represent digital assets
06. Mrz;Foundation;Industry Solutions;Industries - CPR - CPG;Enhance your SKU management with the ability to create and manage higher level SKUs in a BOM View
06. Mrz;Foundation;Industry Solutions;Industries - CPR - CPG;Capture a comprehensive SKU definition as a BOM and represent digital assets
06. Mrz;Foundation;Industry Solutions;Industries - CPR - CPG;Enhance your SKU management with the ability to create and manage higher level SKUs in a BOM View
06. Mrz;Foundation;Usability;Platform - Active Workspace Framework - Usability;View and manage multiple named references in a single dataset​
06. Mrz;Foundation;Usability;Platform - Active Workspace Framework - Usability;There are now two separate commands for Save As and for Revise, unlike in previous releases in which Save As or Revise was a single command
06. Mrz;Foundation;Usability;Platform - Active Workspace Framework - Usability;You can now configure a file added to a dataset to be named after its parent’s ID/Revision by default
06. Mrz;Foundation;Usability;Platform - Active Workspace Framework - Usability;Save your personalized settings for a table including text wrap, sort order, and filtering
06. Mrz;Foundation;Usability;Platform - Active Workspace Framework - Usability;Efficiently interact with drop downs to quickly filter and select values
06. Mrz;Foundation;Usability;Platform - Active Workspace Framework - Usability;Differentiate intentionally blank pages from pages in the process of loading
06. Mrz;Foundation;Usability;Platform - Active Workspace Framework - Usability;Active Workspace 6.3 features a new, responsive, and revamped login screen that communicates more effectively and unambiguously the Siemens Xcelerator branding, like many other Siemens products​
06. Mrz;Plan;Bill of Materials;Design BOM Alignment;Simplify the alignment of part data separate from design, with new capabilities for automation as well as tools to make manual updates more efficient
06. Mrz;Plan;Bill of Materials;Design BOM Alignment;View your EBOM with the as-installed position of flexible parts that have multiple design representations, such as hoses, with enhanced automation for alignment
06. Mrz;Plan;Bill of Materials;Design BOM Alignment;Simplify maintenance of your aligned EBOM with multiple designs in the design structure with a single click to align or unalign
06. Mrz;Plan;Bill of Materials;Design BOM Alignment;Clearly understand alignment status of your entire structure without expanding individual line items
06. Mrz;Plan;Bill of Materials;Design BOM Alignment;Simplify navigation in the Alignment User Interface with automatic configuration of design structure based on eBOM
06. Mrz;Plan;Bill of Materials;Design BOM Alignment;Clearly communicate design intent to manufacturing by passing complete positional and composition information from the EBOM to the MBOM or BOP
06. Mrz;Plan;Bill of Materials;Design BOM Alignment;Track the evolution of your products with a new, interactive change summary dashboard for active and closed changes
06. Mrz;Plan;Bill of Materials;Design BOM Alignment;Cancel an in-process change without losing the history​. Cancelled objects and actions are preserved for traceability.
06. Mrz;Plan;Bill of Materials;Design BOM Alignment;Display ECN IN / ECN OUT data on EBOM Part Usages
06. Mrz;Plan;Bill of Materials;Design BOM Alignment;Identify all the usages of a part, including discontinued parts, to clearly understand the impact of change
06. Mrz;Plan;Bill of Materials;Design BOM Alignment;Discontinue Parts and Part Usages with full traceability
06. Mrz;Plan;Bill of Materials;Design BOM Alignment;Show Part Usage with its own distinct icon
06. Mrz;Plan;Bill of Materials;Smart Discovery;Focus on the right EBOM content needed to do your job using aligned design data
06. Mrz;Plan;Bill of Materials;Smart Discovery;Utilize Smart Discovery Filtering in combination with a multi-context Workset in CATIA
06. Mrz;Plan;Bill of Materials;Smart Discovery;Override your Smart Discovery Filtering to see Filtered out content and add any BOMlines back into your Filtering Criteria
06. Mrz;Plan;Bill of Materials;Smart Discovery;Your keyword Global Search for file contents are possible in structures
06. Mrz;Plan;Bill of Materials;Structure Management;Eliminate manual steps required to connect related items by importing related objects along with the assemblies
06. Mrz;Plan;Bill of Materials;Structure Management;Import multiple parts or assemblies in a single action with an end-user-friendly graphical import
06. Mrz;Plan;Bill of Materials;Structure Management;Communicate proposed changes for any released assembly, whether you are inside a formal change process or not
06. Mrz;Plan;Bill of Materials;Structure Management;Improve efficiency of your change process by directly applying BOM markups within a change context
06. Mrz;Plan;Configuration;Product Configuration;Create a customized, brand-compliant user experience for sales and order configuration
06. Mrz;Plan;Configuration;Product Configuration;Author models and summary models
06. Mrz;Plan;Configuration;Product Configuration;Use grid editor to author complex expression to represent condition or subject
06. Mrz;Plan;Process;Change Management;Merge an unincorporated change for an assembly BOM with release effectivity into an existing change notice
06. Mrz;Plan;Process;Change Management;Merge an unincorporated change for an engineering BOM without release effectivity into an existing change notice
06. Mrz;Plan;Process;Program Planning;Make informed program decisions by comparing with past program performance 
06. Mrz;Plan;Process;Program Planning;Leverage new tools to easily assess and visualize program timeline and schedule tasks 
06. Mrz;Plan;Process;Program Planning;Synchronize schedule milestones with dependencies on program events to empower decision-making 
06. Mrz;Plan;Process;Schedule Manager;Make smarter, collaborative schedule decisions by sharing what-if schedule analysis for review and approval 
06. Mrz;Plan;Process;Workflow;Quickly and easily tailor your workflow processes ​
06. Mrz;Plan;Process;Workflow;Automate the assignment of participants to a workflow task for easier and faster execution
06. Mrz;Plan;Requirements;Requirements Management;Understand what's changed to your requirements
06. Mrz;Plan;Requirements;Requirements Management;In-line presence detection and shared edits
06. Mrz;Plan;Requirements;Requirements Management;Coordinate updates to common requirement
06. Mrz;Plan;Requirements;Requirements Management;Coordinate conflicts on common requirement
06. Mrz;Plan;Requirements;Requirements Management;Transparent visibility to changes and comments
06. Mrz;Plan;Systems;MBSE - System Architecture, Functional & Systems Modeling;Leverage Capella 6.0 capabilities with SMW 6.3
06. Mrz;Plan;Systems;MBSE - System Architecture, Functional & Systems Modeling;Teamcenter impact analysis includes reused model elements to understand their usage across projects
06. Mrz;Plan;Systems;MBSE - System Architecture, Functional & Systems Modeling;Focused project model structure view on architecture elements
06. Mrz;Plan;Systems;MBSE - System Architecture, Functional & Systems Modeling;Improved sync report for merge operations
06. Mrz;Plan;Systems;MBSE - System Architecture, Functional & Systems Modeling;Teamcenter Architecture Modeler is transitioning to a system architecture viewer
06. Mrz;Plan;Systems;MBSE - System Verification and Model Management;Speed up your parameter thread
06. Mrz;Plan;Systems;MBSE - System Verification and Model Management;Support parameters with special characters
06. Mrz;Plan;Systems;MBSE - System Verification and Model Management;Validate requirement satisfaction using MATLAB and Simulink
06. Mrz;Plan;Systems;MBSE - System Verification and Model Management;Get more of your data with charts for table measurements
06. Mrz;Plan;Systems;MBSE - System Verification and Model Management;Quickly convert and value Goal, range, measurements as arrays
06. Mrz;Plan;Systems;MBSE - System Verification and Model Management;Evaluation of Pass or fail extended to table parameters
06. Mrz;Plan;Systems;MBSE - Verification Planning and Execution;Dedicated and focused UI for Test Execution
06. Mrz;Plan;Systems;MBSE - Verification Planning and Execution;View Step-specific details in Overview
06. Mrz;Plan;Systems;MBSE - Verification Planning and Execution;View more complete Test Results
06. Mrz;Plan;Systems;MBSE - Verification Planning and Execution;Launch focused test environment
06. Mrz;Plan;Systems;MBSE - Verification Planning and Execution;Create Issues, Add Attachments during testing
06. Mrz;Plan;Systems;MBSE - Verification Planning and Execution;Operation button and Time Tracking
06. Mrz;Plan;Systems;MBSE - Verification Planning and Execution;Simplified test report file inclusion
06. Mrz;Plan;Systems;MBSE - Verification Planning and Execution;Easily assign parameters to Test Steps
06. Mrz;Plan;Systems;MBSE - Verification Planning and Execution;Create 1 or more parameters directly in table
06. Mrz;Plan;Systems;MBSE - Verification Planning and Execution;Rollup auto-detects Runs
06. Mrz;Plan;Systems;MBSE - Verification Planning and Execution;Data Protection Warning
06. Mrz;Plan;Systems;MBSE - Verification Planning and Execution;Updated Calibration Status
2312;Deliver;Analytics;Classification;Administer Classification data
2312;Deliver;Analytics;Classification;Pre-packaged Classiification Hierarchies
2312;Deliver;Analytics;Search and Analytics - Reporting and Analytics;Build dashboards quickly - Easily find relationships between objects for Item Reports
2312;Deliver;Analytics;Search and Analytics - Search;Simplify administration with full text search indexer as a standard Windows service
2312;Deliver;Analytics;Search and Analytics - Search;Centrally monitor global search indexing from the Indexer and Search dashboard
2312;Deliver;Quality;Audit & Assessment ;Optimized audit checklists & templates
2312;Deliver;Quality;Audit & Assessment ;Audit & Assessment tile 
2312;Deliver;Quality;Audit & Assessment ;Audit planning (incl. plan & creation)​
2312;Deliver;Quality;Audit & Assessment ;Audit execution
2312;Deliver;Quality;Audit & Assessment ;Audit review​
2312;Deliver;Quality;Audit & Assessment ;Audit follow-up
2312;Deliver;Quality;Control & Inspection Planning;CPIP tile provides an overview about all Control- and Inspection plans divided in the 3 types: Production, Prelaunch, Prototype
2312;Deliver;Quality;Control & Inspection Planning;Naming Rule Enhancement
2312;Deliver;Quality;Control & Inspection Planning;Characteristics Enhancement
2312;Deliver;Quality;Control & Inspection Planning;Usability Enhancements in ballooning tab
2312;Deliver;Quality;Failure Mode and Effects Analysis (FMEA);FMEA tile provides an overview about “Open” and “Released” FMEA’s
2312;Deliver;Quality;Failure Mode and Effects Analysis (FMEA);Special Characteristics can be defined for failure representations inside FMEAs
2312;Deliver;Quality;Failure Mode and Effects Analysis (FMEA);Visualize the control plan within FMEA
2312;Deliver;Quality;Failure Mode and Effects Analysis (FMEA);Enhanced Risk Matrix for helpful visual overview of the Criticalities (S= severity, C= occurrence , D= detection) across the FMEA
2312;Deliver;Quality;Failure Mode and Effects Analysis (FMEA);Output of the form in Excel format​
2312;Deliver;Quality;Quality Action Management;Quality Action tile in the Quality workspace
2312;Deliver;Quality;Quality Action Management;Graphical status for actions
2312;Deliver;Quality;Quality Action Management;Optimized Reminder - and Escalation Management
2312;Deliver;Quality;Quality Issue Management and Problem Solving Process;Improved usability in control plan
2312;Deliver;Quality;Quality Issue Management and Problem Solving Process;Enhanced checklist functionality to support PS process more efficiently
2312;Deliver;Quality;Quality Issue Management and Problem Solving Process;Graphical Defect Location based on 3D model and Inspection Definition
2312;Deliver;Quality;Quality Issue Management and Problem Solving Process;Enhanced KPIs
2312;Deliver;Quality;Quality Project Management (APQP);Quality Project tile provides an overview about projects in different status
2312;Deliver;Quality;Quality Project Management (APQP);Enhancements for Quality Projects checklists
2312;Deliver;Service;Service Engineering;Mixed management for Enterprise Service BOM
2312;Deliver;Service;Service Engineering;Manage spares and spare definitions
2312;Deliver;Service;Service Engineering;View assigned characteristics on service parts
2312;Deliver;Service;Service Engineering;Define occurrence specific part logistic properties
2312;Deliver;Service;Service Engineering;Assign resources to service requirements and work cards
2312;Deliver;Service;Service Engineering;Create and assign notices
2312;Deliver;Service;Service Engineering;Activity assignments
2312;Deliver;Service;Service Engineering;Reference copy and clone of service plan objects
2312;Deliver;Service;Service Engineering;Open service plan and service BOM in separate views
2312;Deliver;Service;Service Engineering;Baseline a service plan
2312;Deliver;Service;Service Engineering;Change ownership of a service plan
2312;Deliver;Service;Service Engineering;Create a service process
2312;Deliver;Service;Service Engineering;Create revisable service notes
2312;Deliver;Service;Service Engineering;View reference items from SWI
2312;Deliver;Service;Service Engineering;SWI offline mode
2312;Deliver;Service;Service Engineering;Delete install part movements
2312;Deliver;Service;Service Engineering;Delete activity entry values
2312;Deliver;Service;Service Engineering;Indicators for part movements
2312;Deliver;Service;Service Engineering;Preference for releasing physical structures via service events
2312;Deliver;Service;Service Engineering;Record partial lot values
2312;Deliver;Service;Service Engineering;Utility to migrate service partitions to service containers
2312;Deliver;Service;Service Engineering;Generate assets on Salesforce Service Cloud
2312;Deliver;Service;Service Engineering;Basic part movements on Salesforce Service Cloud
2312;Develop;Simulation;Simulation Process Management;High Performance Computing (HPC) Support for Simulation Tool Launch
2312;Develop;Simulation;Simulation Process Management;Integration with Simcenter STAR-CCM+ Design Manager
2312;Develop;Simulation;Simulation Process Management;Integration with Simcenter Studio
2312;Develop;Simulation;Simulation Process Management;Change Management with CAE Status for CAE Objects
2312;Develop;Visualization;Visualization - Deployability & Infrastructure;New graphics certification matrix
2312;Develop;Visualization;Visualization - Deployability & Infrastructure;Cleaner and clearer logging and error messaging
2312;Develop;Visualization;Visualization - Usability;Updated UI for 3D markup including the addition of anchored markups​
2312;Develop;Visualization;Visualization - Usability;Edit previously authored markups, including markups that were created with earlier releases
2312;Develop;Visualization;Visualization - Usability;Use 3D Snapshots to capture and share 3D markups and exploded views
2312;Develop;Visualization;Visualization - Usability;New NX matching mouse gestures for those who prefer NX navigation
2312;Develop;Visualization;Visualization - Usability;In-place surface point rotation lets you rotate models without first centering them in the view
2312;Develop;Visualization;Visualization - Usability;Tighter Fit All that brings your data closer to you with one click
2312;Develop;Visualization;Visualization - Usability;Flip command in the Move feature that makes aligning items easier
2312;Develop;Visualization;Visualization - Usability;Context menus containing often used functions let you keep mouse motion to a minimum
2312;Develop;Visualization;Visualization - Usability;Switch to 3D from Details or Variant Configuration using the new drop menu at the left end of the work area toolbar
2312;Develop;Visualization;Visualization - Usability;Access Viewer Options before invoking the 3D view to change settings prior to loading your 3D data
2312;Develop;Visualization;Visualization - Usability;Relocate and resize any visualization panel to optimize your screen layout to match how you want to work
2312;Develop;Visualization;Visualization - Usability;Filter and reconfigure smoothly and more quickly without structure reloads or flickering
2312;Develop;Visualization;Visualization - Usability;Get to work faster with improved 3D viewer load times and interactivity proven in our lab 
2312;Develop;Visualization;Visualization - Usability;Volume Selection based on existing Volume Filter lets you volumetrically select many items at once
2312;Develop;Visualization;Visualization - Usability;Product View Optimizations that allow you to publish manufacturing instructions faster
2312;Develop;Visualization;Visualization - Usability;Access Viewer Options panel outside 3D viewer
2312;Foundation;Connectivity;Active Integration;Extend scope in cloud of Teamcenter integration with SAP S/4HANA
2312;Foundation;Connectivity;Active Integration;Exchange of vendor documents between SAP S/4HANA and Teamcenter
2312;Foundation;Connectivity;Active Integration;​Extend the scope of the bill of material integration use cases
2312;Foundation;Connectivity;Active Integration;Integrate Teamcenter with SAP S/4HANA Cloud, public edition​
2312;Foundation;Connectivity;Active Integration;Bring your own code for A I G low code integrations
2312;Foundation;Connectivity;Active Integration;Extended mapping functionality for efficient structure transformations
2312;Foundation;Connectivity;Active Integration;Additional pipeline validation in design time to avoid runtime troubleshooting
2312;Foundation;Connectivity;Active Integration;Increased efficiency for pipeline design by introducing copy and paste, additional validation and better step management
2312;Foundation;Extensibility;Platform - Active Workspace Framework - Extensibility;Simplify the server-side extensions using Scripted Business Logic in C# for Teamcenter deployments 
2312;Foundation;Extensibility;Platform - Active Workspace Framework - Extensibility;Control and export data in the Product Data eXchange (PDX) format
2312;Foundation;Extensibility;Platform - Active Workspace Framework - Extensibility;JT based Briefcase exchange with suppliers that uses different CAD applications
2312;Foundation;Extensibility;Platform - Active Workspace Framework - Extensibility;Publish reference documentation and interactive examples of public client-side APIs
2312;Foundation;Extensibility;Platform - Active Workspace Framework - Extensibility;Improve and optimize Active Workspace build system
2312;Foundation;Industry Solutions;Industries - CPR - CPG;Enhanced BOM management for formulated products
2312;Foundation;Industry Solutions;Industries - CPR - CPG;Integrated Materials Management for Consumer Product Goods
2312;Foundation;Usability;Collaboration;Perform Teamcenter tasks in Microsoft Teams and create Problem Reports 
2312;Foundation;Usability;Collaboration;Access existing discussions more easily without leaving your work to view them 
2312;Foundation;Usability;Platform - Active Workspace Framework - Solution Enablement;Change ownership of objects and their associated data
2312;Foundation;Usability;Platform - Active Workspace Framework - Solution Enablement;Efficiently filter dynamic list of values using additional properties
2312;Foundation;Usability;Platform - Active Workspace Framework - Solution Enablement;Chip-based arrays
2312;Foundation;Usability;Platform - Active Workspace Framework - Solution Enablement;Upload and download very large files 
2312;Foundation;Usability;Platform - Active Workspace Framework - Usability;Reduce clicks and improve navigation using tree display for project and organization administration 
2312;Foundation;Usability;Platform - Active Workspace Framework - Usability;Quickly understand data size in tables with a more intuitive scrollbar 
2312;Foundation;Usability;Platform - Active Workspace Framework - Usability;Access all available data properties to display them as a column within a table 
2312;Foundation;Usability;Platform - Active Workspace Framework - Usability;Tables with resizable headers and options to view release status
2312;Foundation;Usability;Platform - Active Workspace Framework - Usability;Easily understand your current selection with a prominently displayed header 
2312;Foundation;Usability;Platform - Active Workspace Framework - Usability;Align styling and layout of object summary pages with other Siemens PLM applications​​
2312;Foundation;Usability;Platform - Active Workspace Framework - Usability;Enjoy an improved information architecture throughout the web client
2312;Foundation;Usability;Platform - Active Workspace Framework - Usability;Easily access user-related information and actions
2312;Foundation;Usability;Platform - Active Workspace Framework - Usability;Conveniently navigate data organized in projects and folders from a single page
2312;Plan;Bill of Materials;Design BOM Alignment;Preserve alignment and maintain downstream connectivity when a new design is derived from an existing design and vice versa
2312;Plan;Bill of Materials;Design BOM Alignment;Improved alignment view with integrated BOM authoring and updates
2312;Plan;Bill of Materials;Smart Discovery;Speed up find and filter by automatically indexing your structures 
2312;Plan;Bill of Materials;Structure Management;Manage multiple reference designators on a single line
2312;Plan;Bill of Materials;Structure Management;Import structure dry run
2312;Plan;Bill of Materials;Structure Management;Update multiple assemblies more efficiently with enhanced mass update 
2312;Plan;Bill of Materials;Structure Management;Export ‘Used in Structures’ table to Excel
2312;Plan;Bill of Materials;Structure Management;Open structure with default expansion rule
2312;Plan;Bill of Materials;Structure Management;Set default quantity to 1 when adding an occurrence
2312;Plan;Bill of Materials;Structure Management;Select user interface layouts
2312;Plan;Bill of Materials;Structure Management;Open a snapshot folder
2312;Plan;Bill of Materials;Structure Management;Include end item when configuring by effective date
2312;Plan;Configuration;Product Configuration;Variant Matrix 2312  for Teamcenter 2312
2312;Plan;Configuration;Product Configuration;Purchase only what you need while configuring products via API integration
2312;Plan;Configuration;Product Configuration;Release features, families, models and constraints
2312;Plan;Configuration;Product Configuration;Manage effectivity of features, models and constraint
2312;Plan;Configuration;Product Configuration;Use a simple table to declare standard and optional features, including availability constraints
2312;Plan;Configuration;Product Configuration;Perform explicit content configuration for partial configurations
2312;Plan;Configuration;Product Configuration;Resizable and movable configurator panels
2312;Plan;Process;Change Management;Empower users to precisely classify items and their related items as not impacted
2312;Plan;Process;Change Management;Reduce the manual effort, which is error-prone and time-consuming, to revert an assembly bill of material (BOM) to a previous state
2312;Plan;Requirements;Requirements Management;View and trace parameters within the trace matrix
2312;Plan;Systems;MBSE - System Architecture, Functional & Systems Modeling;Systems Modeler with IBM Rhapsody
2312;Plan;Systems;MBSE - System Architecture, Functional & Systems Modeling;System Modeling Workbench custom requirements links and directions
2312;Plan;Systems;MBSE - System Architecture, Functional & Systems Modeling;System modeling Workbench custom attribute and diagrams mapping
2312;Plan;Systems;MBSE - System Architecture, Functional & Systems Modeling;Teamcenter Digital Thread Navigation configurable views 
2312;Plan;Systems;MBSE - System Verification and Model Management;Change and notification support for parameters
2406;Deliver;Analytics;Classification;Create and manage your classification properties, key list of values (keyLOV) right from Active Workspace
2406;Deliver;Analytics;Classification;Easily exchange data with upstream and downstream applications using industry standard formats
2406;Deliver;Analytics;Classification;Simplify the way users interact with large lists of values (LOVs) in Classification
2406;Deliver;Analytics;Search and Analytics - Reporting and Analytics;Get more from your reports with better data
2406;Deliver;Analytics;Search and Analytics - Search;Introducing question and answer AI Chat copilot powered by artificial intelligence and large language models
2406;Deliver;Analytics;Search and Analytics - Search;Export comprehensive search results to Microsoft Excel, including dynamic compound properties
2406;Deliver;Manufacturing;MBOM Management;MBOM Authoring
2406;Deliver;Manufacturing;MBOM Management;Enterprise Integrated MBOM
2406;Deliver;Manufacturing;Process Planning;Process Plan Authoring
2406;Deliver;Manufacturing;Process Planning;Change Management​
2406;Deliver;Quality;Audit & Assessment ;Graphical evaluation for audit results with spider diagram
2406;Deliver;Quality;Audit & Assessment ;Audit Plan Workflow
2406;Deliver;Quality;Audit & Assessment ;General enhancements in the audit to support more audit types
2406;Deliver;Quality;Audit & Assessment ;Improving the verification of lead-/co-auditor skills in connection with T&Q
2406;Deliver;Quality;Audit & Assessment ;Calendar View 
2406;Deliver;Quality;Control & Inspection Planning;Integration of NX and Teamcenter Quality
2406;Deliver;Quality;Control & Inspection Planning;Creation of characteristics within the control plan
2406;Deliver;Quality;Control & Inspection Planning;"Enhancements in ""graphical"" inspection planning"
2406;Deliver;Quality;Control & Inspection Planning;Feature control frame visualization in inspection definition
2406;Deliver;Quality;Control & Inspection Planning;Workflow for releasing control plan structure
2406;Deliver;Quality;FMEA;Reusable components within FMEAs
2406;Deliver;Quality;FMEA;Audit logs for FMEA objects and quality actions 
2406;Deliver;Quality;FMEA;Usability improvements when creating actions
2406;Deliver;Quality;FMEA;Finalization of Interface Matrix for the Design FMEA 
2406;Deliver;Quality;Quality Action Management;External user
2406;Deliver;Quality;Quality Action Management;Calendar View
2406;Deliver;Quality;Quality Issue / Problem Solving ;New methodology: Is/Is-Not analysis
2406;Deliver;Quality;Quality Issue / Problem Solving ;Improved save as configuration 
2406;Deliver;Quality;Quality Issue / Problem Solving ;5Why graphical view improvements
2406;Deliver;Quality;Quality Issue / Problem Solving ;Optimization in usability and reports
2406;Deliver;Quality;Quality Project Management;Longer text fields including the possibility to integrate images supports user during creation of standard checklists, especially for PPAP checklists
2406;Deliver;Quality;Quality Project Management;"New selection field ""Checklist Process Type"" supports the user regarding PPAP/PPA process at each level of the checklist"
2406;Deliver;Quality;Quality Project Management;The user is able to see his created and scheduled programs and projects in a calendar for better visual tracking
2406;Deliver;Service;Service BOM;On demand accountability check
2406;Deliver;Service;Service BOM;​Spare part management in Enterprise Service BOM
2406;Deliver;Service;Service BOM;Partitions and Partition schemes
2406;Deliver;Service;Service BOM;Submit to workflow
2406;Deliver;Service;Service Asset Management​;Rebase enhancements
2406;Deliver;Service;Service Asset Management​;​Connect Characteristics to Neutral asset​
2406;Deliver;Service;Service Events;Work faster with multiple delete feature for install part movements
2406;Deliver;Service;Service Events;Improved visibility to Install Part Movements with ability to modify the Action date 
2406;Deliver;Service;Service Planning;More intuitive service planning with display of revision rules on service plan
2406;Deliver;Service;Service Planning;Efficient planning with ability to add Existing Skills to Service Requirement and Work Card
2406;Deliver;Service;Service Planning;Enhanced user experience for Service Plan editing  of Activities
2406;Deliver;Service;Service Planning;Plan efficiently with Fault Codes addition to Service Requirement in the Service Plan
2406;Deliver;Service;Service Planning;Visual reference indicators provide a quick, clear understanding of the referenced objects
2406;Deliver;Service;Service Planning;More intuitive and efficient service planning with default occurrence type for Parts and Tools
2406;Deliver;Service;Service Planning;Plan smartly by defining Sequence of work cards during creation with Find Number attribute
2406;Deliver;Service;Service Planning;Work efficiently by using Remove command to restructure the Service Plan
2406;Deliver;Service;Service Planning;Comprehensive service planning by populating the time needed for different activities
2406;Deliver;Service;Service Planning;Work smarter with ability to open in NX and Vis directly from Service Plan
2406;Deliver;Service;Service Planning;Enhanced planning experience with views of Resources, Skills and Parts needed in Service Plan
2406;Deliver;Service;Service Planning;Enhanced user experience with column arrangements in Parts, tools, Skills and Notices tables
2406;Deliver;Service;Service Planning;Efficiently plan for service by modifying, revising and deleting the Frequency when needed
2406;Deliver;Service;Teamcenter SLM for Salesforce;Easily view the history of your assets and verify upgrades
2406;Deliver;Service;Teamcenter SLM for Salesforce;Asset Visualization in Salesforce using Teamcenter visualization data 
2406;Deliver;Service;Teamcenter SLM for Salesforce;Work smarter with knowledge articles in Salesforce 
2406;Deliver;Suppliers;Supplier Connect;Empowering suppliers to share files with essential product information strengthens collaboration and accelerates product development
2406;Deliver;Suppliers;Supplier Connect;Simplified sharing of BOM and CAD data with suppliers who also use Teamcenter
2406;Deliver;Sustainability;Environmental Compliance and Product Sustainability;Collect Substances of Concern In Products (SCIP) data from suppliers using IPC 1752B standard
2406;Develop;Simulation;Simulation Process Management;Seamless interaction with Teamcenter Simulation from desktop​
2406;Develop;Simulation;Simulation Process Management;Recommender support in Verification Management
2406;Develop;Simulation;Simulation Process Management;Reorganization and consolidation of CAE objects’ information
2406;Develop;Simulation;Simulation Process Management;Seamless consumption of MBSE parameters across simulation domains
2406;Develop;Simulation;Simulation Process Management;Home tab allows for quick access to recent files and tasks
2406;Develop;Simulation;Simulation Process Management;CAE Status based on materials and parameters updates 
2406;Develop;Visualization;Visualization - Clearance Management;View and disposition clearance results in the web client
2406;Develop;Visualization;Visualization - Clearance Management;Be a part of the geometric validation process with fast and easy access to clash results
2406;Develop;Visualization;Visualization - Clearance Management;Evaluate and process clash results accross the extended enterprise 
2406;Develop;Visualization;Visualization - Clearance Management;Efficient clash interrogation with using the image gallery
2406;Develop;Visualization;Visualization - Clearance Management;Process clearance incidents 
2406;Develop;Visualization;Visualization - Clearance Management;Narrow the clearance list down to those clashes you are interested in
2406;Develop;Visualization;Visualization - Deployability & Infrastructure;Automatically install secure web communications for 3D viewing​
2406;Develop;Visualization;Visualization - Usability;Use a manipulator to give a section plane any orientation​
2406;Develop;Visualization;Visualization - Usability;Interactively define a volume to select multiple items at once
2406;Develop;Visualization;Visualization - Usability;Viewer Options access to often used Teamcenter preferences​
2406;Develop;Visualization;Visualization - Usability;Industry specific alignments of Standard Views
2406;Develop;Visualization;Visualization - Usability;Pre-selection highlighting & identification of parts
2406;Develop;Visualization;Visualization - Usability;Fast Cache Display of previously viewed structures
2406;Develop;Visualization;Visualization - Usability;Added context menus & new keyboard shortcuts
2406;Develop;Visualization;Visualization - Usability;Terminology updates for consistency and clarity
2406;Develop;Visualization;Visualization - Usability;Make smart decisions by applying visual reports in Active Workspace
2406;Develop;Visualization;Visualization - BOM Integration;Use AWConnect's live integration to enable Active Workspace to drive Teamcenter Visualization configuration and context
2406;Foundation;Extensibility;Platform - Active Workspace Framework - Extensibility;Navigate and edit referenced content in XRT editor
2406;Foundation;Extensibility;Platform - Active Workspace Framework - Extensibility;Efficiently tailor Active Workspace by making common configurations such as routing, workspaces, and indicators editable through UI Builder
2406;Foundation;Industry Solutions;Industries - CPR - CPG;Accelerate formulated product development with a consolidated BOM
2406;Foundation;Industry Solutions;Industries - CPR - CPG;Improve visibility of product requirements for project stakeholders with development briefs
2406;Foundation;Industry Solutions;Industries - Semiconductor Lifecycle Management;Improve New Product Introduction (NPI) scheduling and traceability with reliability test planning and validation process
2406;Foundation;Industry Solutions;Industries - Semiconductor Lifecycle Management;Streamline wafer development with improved wafer types and out-of-the-box templates
2406;Foundation;Industry Solutions;Industries - Semiconductor Lifecycle Management;Take control of your Process Design Kit for improved visibility into your die design process
2406;Foundation;Usability;Collaboration;Frontline workers can connect with Teamcenter anywhere, simply speaking in their native language, with extended access to the Teamcenter for Microsoft Teams app
2406;Foundation;Usability;Collaboration;Stay up to date with email notifications, and reply to comments in Discussions
2406;Foundation;Usability;Platform - Active Workspace Framework - Usability;The tab-like design builds a clear association with the page content and separates it from the session controls
2406;Foundation;Usability;Platform - Active Workspace Framework - Usability;Selection breadcrumb provides more information on selected items and the different types of selections on a page 
2406;Foundation;Usability;Platform - Active Workspace Framework - Usability;Optimize image views and page spacing with responsive card styling
2406;Foundation;Usability;Platform - Active Workspace Framework - Usability;Establish work context with easily accessible context bar tools
2406;Foundation;Usability;Platform - Active Workspace Framework - Usability;Resize the merged context bar as needed with the splitter for a personalized breadcrumb view
2406;Foundation;Usability;Platform - Active Workspace Framework - Usability;Perform tasks quickly by saving and recalling layouts best suited for the task at hand
2406;Foundation;Usability;Platform - Active Workspace Framework - Usability;Efficiently manage project data from the new Teamcenter Explorer interface
2406;Foundation;Usability;Platform - Active Workspace Framework - Usability;More quickly configure table columns with drag and drop
2406;Foundation;Usability;Platform - Active Workspace Framework - Usability;Generate a comprehensive view of search results with DCP properties and export exactly to Excel
2406;Foundation;Usability;Platform - Active Workspace Framework - Usability;Familiar Excel-like filtering now available with search results
2406;Foundation;Usability;Platform - Active Workspace Framework - Usability;Show frequently used commands, as shown through telemetry, in more accessible places
2406;Plan;Bill of Materials;Design BOM Alignment;Manage alignment of multiple instances of deformable and purchased assemblies in the product BOM
2406;Plan;Bill of Materials;Design BOM Alignment;Improve alignment update usability with tools for interactive decision making
2406;Plan;Bill of Materials;Design BOM Alignment;Multi-site support of design aligned EBOM
2406;Plan;Bill of Materials;Partitions;Partition configuration by variant
2406;Plan;Bill of Materials;Partitions;Additional incremental updates for your Auto-Populate Partition Schemes
2406;Plan;Bill of Materials;Smart Discovery;Spatially Filter on more of your EBOM​
2406;Plan;Bill of Materials;Smart Discovery;Locate your related Contexts easily
2406;Plan;Bill of Materials;Structure Management;Automatically incorporate changes to product timing by updating effectivity of all items impacted by a released change notice
2406;Plan;Bill of Materials;Structure Management;Automate effectivity assignments, cutbacks and repropagation based on an Engineering Change Notice (ECN) for assembly-based BOM
2406;Plan;Bill of Materials;Structure Management;Understand the product evolution by configuring the product for an end-item with a date range
2406;Plan;Bill of Materials;Structure Management;Retry Excel Import after errors​
2406;Plan;Bill of Materials;Structure Management;View new context bar for structure content ​
2406;Plan;Bill of Materials;Structure Management;View BOMline properties as table columns in Active Workspace​
2406;Plan;Bill of Materials;Structure Management;Configure start and increment for find numbers​
2406;Plan;Bill of Materials;Structure Management;Detect differences in quantity when comparing structures​
2406;Plan;Configuration;Product Configuration;Perform where used analysis on a feature
2406;Plan;Configuration;Product Configuration;Advanced reuse of multiple families and features from a dictionary into a configurator context 
2406;Plan;Configuration;Product Configuration;Default effectivity for configurations and variant condition authoring and variant configuration view
2406;Plan;Configuration;Product Configuration;Use dynamic families with standalone features
2406;Plan;Process;Change Management;Configure the impact analysis for an assembly BOM and enterprise BOM
2406;Plan;Process;Change Management;View the multi-level related object of the impacted items during impact analysis
2406;Plan;Process;Change Management;Reduce the manual effort, which is error-prone and time-consuming, to revert an enterprise bill of material (BOM) to a previous state
2406;Plan;Process;Change Management;Merge an unincorporated change for an engineering BOM with release effectivity into an existing change notice
2406;Plan;Requirements;Requirements Management;Minimized steps for new requirements
2406;Plan;Requirements;Requirements Management;Configure the Requirement Headers
2406;Plan;Requirements;Requirements Management;Re-organized shortcut panel summary layout​
2406;Plan;Requirements;Requirements Management;Optimize requirement authoring with reduced clicks, keyboard shortcuts, and configurable editor
2406;Plan;Requirements;Requirements Management;Configure your Excel roundtrip column
2406;Plan;Systems;MBSE - System Architecture, Functional & Systems Modeling;Add UAF-based enterprise architectures to the digital thread
2406;Plan;Systems;MBSE - System Architecture, Functional & Systems Modeling;Add the Operational Analysis (OA) layer to the digital thread
2406;Plan;Systems;MBSE - System Architecture, Functional & Systems Modeling;Easily extend integration types and attributes mapping
2406;Plan;Systems;MBSE - System Architecture, Functional & Systems Modeling;Re-use inherited stereotype mapping with simplified configuration that supports customized profiles
2406;Plan;Systems;MBSE - System Architecture, Functional & Systems Modeling;Define model types and properties ownership to ensure accountability for the accuracy and integrity of product data
2406;Plan;Systems;MBSE - Verification Planning and Execution;Flexible unit management with pre-configured libraries, dynamic display conversion and custom unit support
2412;Deliver;Analytics;Classification;Efficiently create and modify classification hierarchies
2412;Deliver;Analytics;Classification;Track the evolution of classification objects with fine-grain audit support
2412;Deliver;Analytics;Classification;Display classification properties in table layout
2412;Deliver;Analytics;Classification;Provide more relevant pick lists with forward dependency and dynamic classification list of values (LOVs)​
2412;Deliver;Analytics;Classification;Export classification data out of Teamcenter using JSON based API’s​
2412;Deliver;Analytics;Search and Analytics - Reporting and Analytics;Organize reports in a meaningful way with tabbed dashboards
2412;Deliver;Analytics;Search and Analytics - Search;Supercharge search with built in artificial intelligence and large language models
2412;Deliver;Analytics;Search and Analytics - Search;Filter search results with full group names
2412;Deliver;Analytics;Search and Analytics - Search;Create and maintain custom queries in Active Workspace using Query Builder
2412;Deliver;Manufacturing;MBOM Management;Calculating Manufacturing Impact of ECN for Work Packages
2412;Deliver;Manufacturing;MBOM Management;Support Change Request in MBOM
2412;Deliver;Manufacturing;MBOM Management;Merging of changes from multiple ECNs into one MCN​
2412;Deliver;Manufacturing;MBOM Management;Splitting of changes from one ECN to multiple MCNs​
2412;Deliver;Manufacturing;MBOM Management;Create Plant specific BOM​
2412;Deliver;Manufacturing;MBOM Management;Discontinue part in specific Plant BOM
2412;Deliver;Manufacturing;MBOM Management;Basic restructuring support in Plant BOM
2412;Deliver;Manufacturing;Process Planning;Show Clone Indications (Classic BOP)​
2412;Deliver;Manufacturing;Process Planning;Propagate mismatches to cloned processes & operations (Classic BOP)​
2412;Deliver;Manufacturing;Process Planning;Alternatives – Compare & propagate for Plant BOP​
2412;Deliver;Manufacturing;Process Planning;Alternatives – Clone Plant when creating Plant BOP Alternative​
2412;Deliver;Manufacturing;Process Planning;Configure all structures in a Work Package
2412;Deliver;Manufacturing;Process Planning;Support Multiple Configurator Contexts on different structures​
2412;Deliver;Manufacturing;Process Planning;Net Effectivity Filtered support (Classic BOP)​
2412;Deliver;Manufacturing;Process Planning;Assign Resource to Process Station​
2412;Deliver;Manufacturing;Process Planning;Ability to change view from Process Resources view to station view​
2412;Deliver;Manufacturing;Process Planning;Supporting DCDs for Process Stations​
2412;Deliver;Manufacturing;Process Planning;Time Study for selective Process Resources
2412;Deliver;Manufacturing;Process Planning;Mixed Production - Support the assembly of several products in a single plant
2412;Deliver;Manufacturing;Process Planning;Object based reports - Enhanced capability for selective report generation
2412;Deliver;Manufacturing;Process Planning;Open BOP in Teamcenter Visualization Desktop​
2412;Deliver;Manufacturing;Process Planning;Tracking Change Notice(s) displayed as per logged in user​
2412;Deliver;Manufacturing;Process Planning;Include DCD's while authoring work instructions​
2412;Deliver;Manufacturing;Process Planning;Sequence DCDs​
2412;Deliver;Manufacturing;Process Planning;Create & modify Production Program Structure in Production Program Page​
2412;Deliver;Manufacturing;Process Planning;Takt time calculation based on Production program definition
2412;Deliver;Manufacturing;Process Planning;Export report per Product variant
2412;Deliver;Manufacturing;Process Planning;Remove Maximum and Weighed Product Variants from the dropdown list​
2412;Deliver;Manufacturing;Process Planning;Time calculation for a half operator capacity ​
2412;Deliver;Manufacturing;Process Planning;Add a Cobot to Process Resource types
2412;Deliver;Manufacturing;Process Planning;Control the appearance and order of chips in Line Balancing dashboard
2412;Deliver;Manufacturing;Process Planning;Line Balancing overview – Adding a Resource tab​
2412;Deliver;Manufacturing;Process Planning;Line Balancing bottleneck time
2412;Deliver;Manufacturing;Process Planning;Quickly identify and correct cyclic issues
2412;Deliver;Manufacturing;Process Planning;BiW Planning: Study Manager – Load a configured by variants Study to Process Simulate
2412;Deliver;Manufacturing;Process Planning;Biw Planning: Alternative management – account and propagate Global Mount and Attach changes of Robot Packages​
2412;Deliver;Quality;Audit & Assessment ;Filter in calendar view
2412;Deliver;Quality;Audit & Assessment ;Support for Multi-Site use cases​
2412;Deliver;Quality;Audit & Assessment ;Support of Teamcenter projects for data privacy​
2412;Deliver;Quality;Audit & Assessment ;Reusing template in audit program​
2412;Deliver;Quality;Audit & Assessment ;Boosting the execution of an audit
2412;Deliver;Quality;Audit & Assessment ;Support for the creation of findings
2412;Deliver;Quality;Control & Inspection Planning;Enhance FAI with relevant inspection definitions imported from NX 
2412;Deliver;Quality;Control & Inspection Planning;Improvement of the comparison function of 2D/3D models
2412;Deliver;Quality;Control & Inspection Planning;Legend for showing different balloon information
2412;Deliver;Quality;Control & Inspection Planning;Characteristic traceability from NX to CP&IP
2412;Deliver;Quality;Control & Inspection Planning;Support for sampling tables and dynamization rules
2412;Deliver;Quality;Control & Inspection Planning;Additional enhancements to support shop floor inspections​
2412;Deliver;Quality;Control & Inspection Planning;Additional attachments tab on control plan level​
2412;Deliver;Quality;FMEA;Layout improvements in the Net-View
2412;Deliver;Quality;FMEA;Icon improvements in the Net-Views 
2412;Deliver;Quality;FMEA;Content improvements in the Net-Views
2412;Deliver;Quality;FMEA;Linkage improvements in the Net-Views 
2412;Deliver;Quality;FMEA;Optimized sorting of elements in the Net-Views
2412;Deliver;Quality;FMEA;Optimized moving of elements in the Net-Views 
2412;Deliver;Quality;FMEA;Maximum flexibility for the moderator to work with the Net-Views
2412;Deliver;Quality;FMEA;Information on a very helpful function for FMEA processing
2412;Deliver;Quality;FMEA;Integration scenario with NX
2412;Deliver;Quality;Quality - Master data and checklist​;"New Tile ""Checklist"" in Quality Workspace"
2412;Deliver;Quality;Quality - Master data and checklist​;New layout for better usability
2412;Deliver;Quality;Quality - Master data and checklist​;Improved rating rules for more accurate evaluations
2412;Deliver;Quality;Quality - Master data and checklist​;Introduction of a new ‘Not applicable’ flag​
2412;Deliver;Quality;Quality - Master data and checklist​;Support of a process view within checklists for better visualization
2412;Deliver;Quality;Quality - Master data and checklist​;Overall improved usability for a seamless experience
2412;Deliver;Quality;Quality - Master data and checklist​;More options for answers and additional information
2412;Deliver;Quality;Quality - Master data and checklist​;When using the 'Save as' function on the project level, checklists can also be copied
2412;Deliver;Quality;Quality - Master data and checklist​;Quality master data – Support of variable classification for characteristics
2412;Deliver;Quality;Quality - Master data and checklist​;Quality master data – Support of additional limits for characteristics​
2412;Deliver;Quality;Quality - Master data and checklist​;Support of FAI (First Article Inspection)​
2412;Deliver;Quality;Quality Action Management;Improved visualization of a workflow task
2412;Deliver;Quality;Quality Action Management;Improved configuration for external responsible user
2412;Deliver;Quality;Quality Action Management;Improved icons for highlighting the type of quality action​
2412;Deliver;Quality;Quality Action Management;Optimized overview page for quality actions including all necessary/important information in the action area
2412;Deliver;Quality;Quality Action Management;Progress bar to visually display the status of the quality action Workflow information on the bottom left-hand side​
2412;Deliver;Quality;Quality Action Management;Preview area for attached images on the overview page
2412;Deliver;Quality;Quality Action Management;Additional properties ‘Confirmed by’ and ‘Completed by’ with date in the properties area​
2412;Deliver;Quality;Quality Action Management;‘Action Days to Closure’ - the days between activating an action and completion or cancellation (automatically calculated)​
2412;Deliver;Quality;Quality Action Management;‘Total Hours Spent’ - the action responsible can add the hours a person has spent working on this action​
2412;Deliver;Quality;Quality Action Management;Improvement of Save As functionality
2412;Deliver;Quality;Quality Action Management;Optimized dashboard and reports
2412;Deliver;Quality;Quality Issue / Problem Solving ;Improved visualization of a workflow task
2412;Deliver;Quality;Quality Issue / Problem Solving ;Improved audit trail support
2412;Deliver;Quality;Quality Issue / Problem Solving ;Generation of PDF reports
2412;Deliver;Quality;Quality Issue / Problem Solving ;Export of reports to Excel​
2412;Deliver;Quality;Quality Issue / Problem Solving ;Support of Teamcenter projects for data privacy
2412;Deliver;Quality;Quality Issue / Problem Solving ;Support for Multi-Site use cases​
2412;Deliver;Quality;Quality Issue / Problem Solving ;Improved usability in quality checklist​
2412;Deliver;Quality;Quality Issue / Problem Solving ;Improvements in RCA tree sorting
2412;Deliver;Quality;Quality Issue / Problem Solving ;More effective work using the due date control mechanism​
2412;Deliver;Quality;Quality Issue / Problem Solving ;Support for users with an advanced info panel
2412;Deliver;Quality;Quality Issue / Problem Solving ;Cross-Probing of Inspection Definitions with PMI within NX
2412;Deliver;Quality;Quality Project Management;Facilitate knowledge sharing and apply lessons learned across different sites
2412;Deliver;Quality;Quality Project Management;Support of Teamcenter projects for data privacy
2412;Deliver;Quality;Quality Project Management;Filter in calendar view​
2412;Deliver;Quality;Quality Project Management;Reusing PPA generated reports - Generated reports are automatically saved as an attachment
2412;Deliver;Quality;Quality Project Management;Optimized referencing of checklists and their assessment
2412;Deliver;Quality;Quality Project Management;Quality Checklist on Project Level​
2412;Deliver;Service;Service BOM;Manage the Service BOM in a Single View
2412;Deliver;Service;Service BOM;Partitions and Partition Schemes
2412;Deliver;Service;Service Asset Management​;Improved display to see and identify physical structures more easily
2412;Deliver;Service;Service Asset Management​;Improved visibility of service requirements and dependencies when Forecasting
2412;Deliver;Service;Service Asset Management​;Change Disposition of Multiple Physical Parts
2412;Deliver;Service;Service Asset Management​;Installing Non-operational Physical Parts
2412;Deliver;Service;Service Asset Management​;Updating Manufacturing Date and Disposition Times
2412;Deliver;Service;Service Asset Management​;Enabling Partitions on Physical Structures
2412;Deliver;Service;Service Asset Management​;Compare Physical to Neutral and Physical to Physical
2412;Deliver;Service;Service Events;Insert Uninstall Part Movement
2412;Deliver;Service;Service Events;Periodic Technical Events - Increase efficiency in managing Service Events
2412;Deliver;Service;Service Events;Introducing Product Support Data Management for GEIA-STD-0007
2412;Deliver;Service;Service Planning;Change Ownership of Related Data
2412;Deliver;Service;Service Planning;Enable continuous creation Service Plan Objects 
2412;Deliver;Service;Teamcenter SLM for Salesforce;Generate Multiple Assets
2412;Deliver;Service;Teamcenter SLM for Salesforce;Enhanced search to move faster using the Manufacturer's ID, Part Number, Serial Number, and Location
2412;Deliver;Service;Teamcenter SLM for Salesforce;Flexibility to install unapproved parts
2412;Deliver;Service;Teamcenter SLM for Salesforce;Usability enhancement to create Work Plan Templates from Teamcenter Service Requirements 
2412;Deliver;Service;Teamcenter SLM for Salesforce;Salesforce Integration with Teamcenter X
2412;Deliver;Service;Teamcenter SLM for Salesforce;Usability improvement to initiate Service Work Instructions with Motion of Parts 
2412;Deliver;Suppliers;Supplier Connect;Quickly share files with one or more suppliers with full traceability for future reference
2412;Deliver;Suppliers;Supplier Connect;Improve supplier experience with ability to self-serve data in a briefcase format
2412;Deliver;Suppliers;Supplier Connect;Leverage a common supplier base through a single supplier portal to collaborate with multiple Teamcenter sites managing different product information
2412;Develop;Documents;Document Management;Create and manage frequently used symbols specific to your role and discipline to improve communication
2412;Develop;Documents;Document Management;Create consistent symbols for reuse by others site-wide
2412;Develop;Simulation;Simulation Process Management;Direct embedding of Active Workspace in Simcenter STAR-CCM+
2412;Develop;Simulation;Simulation Process Management;Create a new simulation directly from Active Workspace 
2412;Develop;Simulation;Simulation Process Management;Create a new simulation directly from Active Workspace based off a template
2412;Develop;Simulation;Simulation Process Management;Directly Open a managed Simulation from Teamcenter into Simcenter STAR-CCM+
2412;Develop;Simulation;Simulation Process Management;Import new geometry into working simulation file​
2412;Develop;Simulation;Simulation Process Management;Systematically upload unmanaged data into Teamcenter
2412;Develop;Simulation;Simulation Process Management;Automatic creation of files and relations 
2412;Develop;Simulation;Simulation Process Management;Attachments page consolidation and updated layout
2412;Develop;Simulation;Simulation Process Management;Management and Manipulation of CAE Folders 
2412;Develop;Simulation;Simulation Process Management;Verification flow is now enabled for the System Architect integration
2412;Develop;Simulation;Simulation Process Management;Harmonized Parameter Handling across domains
2412;Develop;Simulation;Simulation Process Management;OOTB unit library for all usages of Teamcenter units
2412;Develop;Simulation;Simulation Process Management;Object parameters are now automatically copied from CAE 1D Models to CAE 1D Analysis
2412;Develop;Simulation;Simulation Process Management;StarCCM+ Design Manager, Value Usage and Resolution attributes are now visible
2412;Develop;Simulation;Simulation Process Management;Introducing FMU Support
2412;Develop;Simulation;Simulation Process Management;CAE 3D Workflow extended to Include EBOM
2412;Develop;Simulation;Simulation Process Management;EBOM Support in 3D Simulation Workflow
2412;Develop;Simulation;Simulation Process Management;EBOM Integration - Data Mapping & Structure Mapping Support
2412;Develop;Simulation;Simulation Process Management;EBOM Integration - CAE BOM Compare Support 
2412;Develop;Visualization;Visualization - Collaborative Sessions;View visual reports to visually grasp complex information about many parts quickly
2412;Develop;Visualization;Visualization - Collaborative Sessions;Save rich content from Teamcenter Visualization collaboratively and identify content that can and cannot yet be shared via NX Active Workspace
2412;Develop;Visualization;Visualization - Data Security and PMI;Indicate to users of client-side rendering when they are working with sensitive or secure data 
2412;Develop;Visualization;Visualization - Data Security and PMI;Legacy PMI support
2412;Develop;Visualization;Visualization - Usability;Use consistent interactive volumes to select multiple items
2412;Develop;Visualization;Visualization - Usability;Specify exact locations for cross sections​
2412;Develop;Visualization;Visualization - Usability;Adjust pre-selection highlighting behavior to match your personal preferences ​
2412;Develop;Visualization;Visualization - Usability;Control the display of your 3D data to make it more visually pleasing and useful
2412;Develop;Visualization;Visualization - Usability;Manipulator input values match user defined display units
2412;Develop;Visualization;Visualization - Usability;Preferred Fit method is applied in all situations
2412;Develop;Visualization;Visualization - BOM Integration;Quickly view updates to your assemblies under more reconfiguration scenarios
2412;Develop;Visualization;Visualization - BOM Integration;Efficiently leverage Teamcenter connections during Application Connect sessions
2412;Foundation;Deployability;Deployability;Efficiently administer table column definitions directly from the Active Workspace user interface
2412;Foundation;Deployability;Deployability;Efficiently administer home page tiles for the site, workspace, group/role, and individual users
2412;Foundation;Deployability;Platform - Security - Authorization;Secure secrets and sensitive system information in the Teamcenter Vault
2412;Foundation;Extensibility;Platform - Active Workspace Framework - Extensibility;Easily create new Active Workspace customizations by leveraging a powerful command line interface
2412;Foundation;Extensibility;Platform - Active Workspace Framework - Extensibility;Quickly make command changes with live preview for all command changes in Command Builder
2412;Foundation;Extensibility;Platform - Active Workspace Framework - Extensibility;Create keyboard shortcuts for any command using Command Builder
2412;Foundation;Industry Solutions;Industries - CPR - CPG;Centrally manage brand strategy and roadmap with increased visibility to all stakeholders
2412;Foundation;Industry Solutions;Industries - CPR - CPG;Monitor key performance indicators and keep stakeholders informed on program metrics
2412;Foundation;Industry Solutions;Industries - Semiconductor Lifecycle Management;Perform in-depth Hazard Analysis and Risk Assessment (HARA) as well as Failure Models, Effects, and Diagnostics Analysis (FMEDA)
2412;Foundation;Industry Solutions;Industries - Semiconductor Lifecycle Management;Improve traceability from requirements, design, and functional safety analysis 
2412;Foundation;Industry Solutions;Industries - Semiconductor Lifecycle Management;Align to ISO26262 standards
2412;Foundation;Industry Solutions;Industries - Semiconductor Lifecycle Management;Connect FMEA and FMEDA analyses as effective approaches for risk identification and management
2412;Foundation;Industry Solutions;Industries - Semiconductor Lifecycle Management;Adopt the latest report formats for HARA and FMEDA, in accordance with industry standards
2412;Foundation;Industry Solutions;Industries - Semiconductor Lifecycle Management;Streamline the functional safety analysis process with centralized, preconfigured templates in Teamcenter
2412;Foundation;Industry Solutions;Industries - Semiconductor Lifecycle Management;Ensure a more industry-focused and accurate functional safety analysis with improved template configurations such as configuration measures, hardware requirements, safety context, and hardware - software interface templates
2412;Foundation;Industry Solutions;Industries - Semiconductor Lifecycle Management;Manage the 3D packaging of semiconductor Ics
2412;Foundation;Industry Solutions;Industries - Semiconductor Lifecycle Management;Accurately capture the packaging for ICs, now including interposer kits, interposers, interconnect, and more
2412;Foundation;Usability;Collaboration;Easily create and administer projects from the Explorer in Active Workspace 
2412;Foundation;Usability;Collaboration;"Capture, document and approve simple changes from Microsoft Teams	"
2412;Foundation;Usability;Collaboration;Manage and get notified about Discussions
2412;Foundation;Usability;Platform - Active Workspace Framework - Solution Enablement;Navigate relations via a tree display in summary view tables
2412;Foundation;Usability;Platform - Active Workspace Framework - Usability;Efficiently access frequently used commands
2412;Foundation;Usability;Platform - Active Workspace Framework - Usability;Easily perform common actions using keyboard shortcuts
2412;Foundation;Usability;Platform - Active Workspace Framework - Usability;Quickly switch between layouts for pages showing collections of objects
2412;Foundation;Usability;Platform - Active Workspace Framework - Usability;Make better use of screen real-estate through a combined section and set of objects component
2412;Foundation;Usability;Platform - Active Workspace Framework - Usability;Experience greater productivity with more informative, responsive, and configurable home page features
2412;Plan;Bill of Materials;Advanced BOM Rollup;Perform weight rollup with bi-directional sync of mass properties with NX
2412;Plan;Bill of Materials;Advanced BOM Rollup;Manage targets and perform mass rollup of aligned EBOM​
2412;Plan;Bill of Materials;Design BOM Alignment;Automatically align imported Design and EBOM based on multiple attribute values with precedence
2412;Plan;Bill of Materials;Smart Discovery;Find impacts of a feature on structures
2412;Plan;Bill of Materials;Smart Discovery;Smart Discovery Indexing steps have been combined
2412;Plan;Bill of Materials;Smart Discovery;Designate properties for your Smart Discovery Indexing at the Awb0Element level
2412;Plan;Bill of Materials;Smart Discovery;Create more advanced filter criteria using OR/NOT groups in your Smart Discovery filtering (Not compatible with NX at this time)
2412;Plan;Bill of Materials;Smart Discovery;Filter your structure based on individual Reference Designators
2412;Plan;Bill of Materials;Structure Management;Manage lists of reference designators
2412;Plan;Bill of Materials;Structure Management;Save the results of a structure comparison​
2412;Plan;Bill of Materials;Structure Management;Create new revision rules directly in Active Workspace
2412;Plan;Bill of Materials;Structure Management;View effectivity dates using a standard time zone worldwide
2412;Plan;Configuration;Product Configuration;Assign effectivity to a family and update multiple families simultaneously
2412;Plan;Configuration;Product Configuration;Export features, variants and constraints to Excel
2412;Plan;Configuration;Product Configuration;Create and edit constraints using a text editor
2412;Plan;Configuration;Product Configuration;Roll up features like weight
2412;Plan;Configuration;Product Configuration;Open configurator objects in a folder to a sub location of the configurator context
2412;Plan;Configuration;Product Configuration;Use expand or collapse below command to view the models and features 
2412;Plan;Configuration;Product Configuration;Submit models, features and constraints to a workflow
2412;Plan;Configuration;Product Configuration;Show all features from current families
2412;Plan;Configuration;Product Configuration;Use properties to filter features used to define variant condition​
2412;Plan;Configuration;Product Configuration;Use variant condition on assembly to filter the components
2412;Plan;Configuration;Product Configuration;Filter Constraints based on features or even a feature combination
2412;Plan;Configuration;Product Configuration;Leverage sequence to resolve constraints
2412;Plan;Configuration;Product Configuration;Filter Variants based on features or even a feature combination
2412;Plan;Configuration;Product Configuration;Load variants using a saved query
2412;Plan;Configuration;Product Configuration;Navigate to the feature directly from the variant summary panel
2412;Plan;Configuration;Product Configuration;Understand the difference between variants and the changes in different revisions of a variant
2412;Plan;Configuration;Product Configuration;Compare multiple variants review the differences
2412;Plan;Configuration;Product Configuration;Compare different revisions of the same variant or different variants​​
2412;Plan;Configuration;Product Configuration;Browse a hierarchy of Configurator Contexts in Active Workspace in a table-based view
2412;Plan;Configuration;Product Configuration;Author Configurator Context for a module with detailed technical features which do not need to be allocated to the upper product context
2412;Plan;Process;Change Management;View and author in the BOM tab for a change notice
2412;Plan;Process;Change Management;Clearly understand affected items with the consolidated single table view in a change notice​
2412;Plan;Process;Change Management;Clearly view participants with the consolidated single table view in a change notice
2412;Plan;Process;Change Management;Experience best-in-class tables at the change notice
2412;Plan;Process;Change Management;Change tracking for reference designators
2412;Plan;Process;Change Management;Automatically merge BOM changes with a single click
2412;Plan;Process;Change Management;Workflow and handlers
2412;Plan;Process;Change Management;Auto Merge Handler - Notifications settings
2412;Plan;Process;Change Management;Preference - Notifications Mode and hyperlink ​
2412;Plan;Process;Change Management;Auto Merge Reports
2412;Plan;Process;Change Management;Create, coordinate remote design site changes from a central engineering site
2412;Plan;Process;Workflow;Edit the list of approvers until the task has been fully approved​
2412;Plan;Requirements;Requirements Management;Export Word includes configured parameters
2412;Plan;Requirements;Requirements Management;Simplified Requirement approval initiation
2412;Plan;Requirements;Requirements Management;Simplified Review “in-place” (Never leave the page)
2412;Plan;Requirements;Requirements Management;Observe Requirement Test Status directly on item
2412;Plan;Requirements;Requirements Management;Excel-based Multi-BOM import
2412;Plan;Requirements;Requirements Management;Excel Round Trip
2412;Plan;Systems;MBSE - System Architecture, Functional & Systems Modeling;Build system models with ​a modernized user experience in Systems Modeler with IBM Rhapsody
2412;Plan;Systems;MBSE - System Architecture, Functional & Systems Modeling;Configure System Models ensuring alignment with overall Product Configurations
2412;Plan;Systems;MBSE - System Architecture, Functional & Systems Modeling;Cameo Integration 2412 - Publish detailed system interface definitions in Teamcenter to support downstream domains
2412;Plan;Systems;MBSE - System Architecture, Functional & Systems Modeling;Request a filtered system definition from Teamcenter to import only relevant model elements
2412;Plan;Systems;MBSE - System Architecture, Functional & Systems Modeling;Cameo Integration 2412 - Initiate the desired process flow when publishing a system design in Teamcenter
2412;Plan;Systems;MBSE - System Architecture, Functional & Systems Modeling;Cameo Integration 2412 - Easily deploy Systems Modeler integrations
2412;Plan;Systems;MBSE - System Architecture, Functional & Systems Modeling;Support next generation MBSE with web authoring supporting SysML® v2 standard​
2506;Deliver;Analytics;Classification;Classification Manager in Active Workspace - Show only the relevant classification data with classification views
2506;Deliver;Analytics;Classification;Subscription support in Classification​ - Stay updated by subscribing to the changes in classification objects
2506;Deliver;Analytics;Classification;Perform advanced search by including classification properties
2506;Deliver;Analytics;Classification;Update classification properties of multiple objects
2506;Deliver;Analytics;Search and Analytics - Reporting and Analytics;Optimize your reports with improved ways to get and filter your data
2506;Deliver;Analytics;Search and Analytics - Search;Teamcenter Copilot - Unlock insights from data and perform AI assisted tasks 
2506;Deliver;Analytics;Search and Analytics - Search;Leverage AI to quickly summarize key content and engage in interactive Q&A with selected or open documents
2506;Deliver;Analytics;Search and Analytics - Search;AI Assisted Image Search
2506;Deliver;Analytics;Search and Analytics - Search;Effortlessly build powerful queries in Teamcenter​
2506;Deliver;Manufacturing;MBOM Management;Configurable Naming for Source and Target Structures in BOM Alignment
2506;Deliver;Manufacturing;MBOM Management;Column configuration based on the loaded object type
2506;Deliver;Manufacturing;MBOM Management;Support for multiple MCN types
2506;Deliver;Manufacturing;MBOM Management;Occurrence based substitute support in MBOM 
2506;Deliver;Manufacturing;MBOM Management;APIs for Automating Change Reconciliation Between Source and Target BOMs 
2506;Deliver;Manufacturing;MBOM Management;Usage MBOM Authoring
2506;Deliver;Manufacturing;MBOM Management;Change driven effectivity for Usage MBOM
2506;Deliver;Manufacturing;MBOM Management;Change Summary Panel (CSP)​
2506;Deliver;Manufacturing;MBOM Management;Partition scheme support
2506;Deliver;Manufacturing;MBOM Management;Net Unit effectivity comparison and ‘Save as and Replace’
2506;Deliver;Manufacturing;MBOM Management;Manufacturing Representation support​
2506;Deliver;Manufacturing;MBOM Management;Focused Mode support​
2506;Deliver;Manufacturing;MBOM Management;Clarify structure with Hierarchical Indication​
2506;Deliver;Manufacturing;MBOM Management;Display revision history for process
2506;Deliver;Manufacturing;MBOM Management;Expose net filtered variability for downstream applications​
2506;Deliver;Manufacturing;MBOM Management;Process Resources Scope – work on specific data based on Process Resources ​
2506;Deliver;Manufacturing;MBOM Management;Recursive DIPA
2506;Deliver;Manufacturing;MBOM Management;Compare and Propagate – BOE Master and Alternative​
2506;Deliver;Manufacturing;MBOM Management;MCN based compare between Product BOP and Plant BOP
2506;Deliver;Manufacturing;MBOM Management;Associate Control Plan with Bill of Process
2506;Deliver;Manufacturing;MBOM Management;Remove the auto revise message
2506;Deliver;Manufacturing;MBOM Management;Support Multiple Validation checks
2506;Deliver;Manufacturing;MBOM Management;Safety Analysis in Work Instructions
2506;Deliver;Manufacturing;MBOM Management;Manage Standard Text Libraries in Active Workspace​
2506;Deliver;Manufacturing;MBOM Management;Author Work Instructions for the Product BOP
2506;Deliver;Manufacturing;MBOM Management;EasyPlan integration with Rapid Author​
2506;Deliver;Manufacturing;MBOM Management;Line Balancing and Time Management​
2506;Deliver;Manufacturing;MBOM Management;Line Balancing - Wait time tab
2506;Deliver;Manufacturing;MBOM Management;Time Study – delete and last published date​
2506;Deliver;Manufacturing;MBOM Management;Re-sequence Activities
2506;Deliver;Manufacturing;MBOM Management;Body in White Planning
2506;Deliver;Manufacturing;MBOM Management;Study Management in Easy Plan​
2506;Deliver;Manufacturing;MBOM Management;Load process data to Process Simulate from Easy Plan
2506;Deliver;Manufacturing;MBOM Management;Enable Features assignment in Easy Plan​
2506;Deliver;Manufacturing;MBOM Management;Support Procedures in Master Recipe
2506;Deliver;Manufacturing;MBOM Management;Advanced Sequencing and Flows among operations and processes
2506;Deliver;Manufacturing;MBOM Management;Enhancement for Search and Clone for Add Commands​
2506;Deliver;Manufacturing;MBOM Management;Enhancement for Search, Clone, Use Exiting of Recipe​
2506;Deliver;Manufacturing;MBOM Management;Ability to add a single part as an EBOM for Part Planning​
2506;Deliver;Manufacturing;MBOM Management;Support creation of Site Recipe​
2506;Deliver;Manufacturing;MBOM Management;AI Powered Easy Plan​
2506;Deliver;Manufacturing;MBOM Management;Translate work instructions and view them in EWI per locale​
2506;Deliver;Manufacturing;MBOM Management;Control translation of proprietary information 
2506;Deliver;Quality;Audit & Assessment ;A more meaningful and intuitive terminology to describe the various steps and components of your audit activities will be provided by the important name change in the Audit process, making the overall process more clear and user-friendly for you.
2506;Deliver;Quality;Control & Inspection Planning;Integrate with the Bill of Process to ensure alignment between your design, manufacturing, and quality control processes​
2506;Deliver;Quality;Control & Inspection Planning;Bridge the gap between your quality management and design environments with an improved integration with NX​
2506;Deliver;Quality;Control & Inspection Planning;Synchronize your quality planning and automatic measurement processes with a DPV integration​
2506;Deliver;Quality;Control & Inspection Planning;Safeguard your sensitive information using data protection projects​
2506;Deliver;Quality;Control & Inspection Planning;Manage quality across the lifecycle more easily with through several usability enhancements​
2506;Deliver;Quality;Control & Inspection Planning;Incorporate manufacturing-related data into your quality management solution with an optimized PMI (Product Manufacturing Information) import
2506;Deliver;Quality;Cross app capability;Visualize and manage your quality-related activities, events, and deadlines across the Audit, QAM (Quality Action Management), QPM (Quality Project Management), and Checklists applications using a calendar view
2506;Deliver;Quality;FMEA;Fully integrate the FMEA with the product lifecycle with an enhanced generative FMEA structure​
2506;Deliver;Quality;FMEA;Adapt workflows to your specific needs with flexible FMEA sequencing
2506;Deliver;Quality;FMEA;View and understand action priorities to effectively mitigate risk using the Action Priority (AP) overview​
2506;Deliver;Quality;FMEA;Assess and prioritize risks identified during the FMEA with the new Risk Priority Number (RPN) overview
2506;Deliver;Quality;FMEA;Track and analyze FMEA changes over time to drive continuous improvement using the new difference overview
2506;Deliver;Quality;FMEA;Optimize the visualization, analysis, and management of identified risks with an improved risk matrix​
2506;Deliver;Quality;FMEA;Monitor and manage your quality project initiatives with improved visibility
2506;Deliver;Quality;FMEA;Ensure lessons learned are effectively incorporated for continuous improvement with improved focus on closed-loop quality​
2506;Deliver;Quality;FMEA;Seamlessly trigger FMEA process from your quality management workflow with the new FMEA initiator​
2506;Deliver;Quality;FMEA;Accomplish your required tasks, easily view status and more with improved usability across the Design and Process FMEA modules​
2506;Deliver;Quality;Quality - Master data and checklist​;"Understand where your master checklists are being utilized across the organization with extended ""where used"" capabilities"
2506;Deliver;Quality;Quality - Master data and checklist​;Access more intelligent and adaptive checklists, tailored to your specific needs and processes, using new smart quality checklists
2506;Deliver;Quality;Quality - Master data and checklist​;Understanding of the full scope of relationships and hierarchies within your quality checklist structure with an improved view of the parents and master checklists​
2506;Deliver;Quality;Quality Action Management;Improve your workflow using the new optimize workflow feature​
2506;Deliver;Quality;Quality Action Management;Assess effectiveness quickly and accurately with a new effectiveness review 
2506;Deliver;Quality;Quality Action Management;Use a table view for enhanced data visualization​
2506;Deliver;Quality;Quality Action Management;Handle open questions in checklists more effectively
2506;Deliver;Quality;Quality Action Management;Understand relevant stakeholders and their roles using an improved profiles
2506;Deliver;Quality;Quality Action Management;Stay on top of important deadlines and follow-ups related to quality actions with a Reminder email feature
2506;Deliver;Quality;Quality Issue / Problem Solving ;Add new participants to your processes​
2506;Deliver;Quality;Quality Issue / Problem Solving ;Assign workflows to manage your process flows more efficiently
2506;Deliver;Quality;Quality Issue / Problem Solving ;Enjoy enhanced flexibility and customization options with new properties​
2506;Deliver;Quality;Quality Issue / Problem Solving ;Handle and track non-conformance issues with new properties
2506;Deliver;Quality;Quality Issue / Problem Solving ;Visualize and navigate the relationships between quality-related data with the QIM Relation browser​
2506;Deliver;Quality;Quality Issue / Problem Solving ;Effectively identify and address the underlying causes of quality problems with an improved root cause analysis​
2506;Deliver;Quality;Quality Issue / Problem Solving ;Associate relevant files and documents with your quality management activities using extended tab attachments
2506;Deliver;Quality;Quality Issue / Problem Solving ;View comprehensive hierarchical relationships within your quality management data Relations tree
2506;Deliver;Quality;Quality Project Management ;"Save your quality related documents with more flexibility and control with an enhanced ""save as"" function"
2506;Deliver;Quality;Training & Qualification;Manage qualification and trainings with qualification units​
2506;Deliver;Quality;Training & Qualification;Summarize qualifications based on qualification units with the qualification definition
2506;Deliver;Quality;Training & Qualification;Maintain qualification of employees with qualification profiles
2506;Deliver;Quality;Training & Qualification;Organize qualification profiles into groups with the qualification profile group
2506;Deliver;Quality;Training & Qualification;Tracking qualifications that have been carried out with qualification records
2506;Deliver;Quality;Training & Qualification;Assess of qualifications with the effectiveness check
2506;Deliver;Quality;Training & Qualification;Monitor expired trainings or qualifications 
2506;Deliver;Quality;Training & Qualification;Providing relevant training courses with course offerings
2506;Deliver;Quality;Training & Qualification;Visualize the qualifications of employees with the qualification matrix
2506;Deliver;Quality;Training & Qualification;Manage quality documents
2506;Deliver;Quality;Training & Qualification;Distribute quality documents by including them in a qualification unit and assigning to a qualification profile for distribution​
2506;Deliver;Quality;Training & Qualification;Revise quality documents and make necessary changes​
2506;Deliver;Quality;Training & Qualification;This also enables qualification documents to be updated and made available to employees via qualification profiles
2506;Deliver;Service;Product Support Data Management​;Export GEIA-STD-0007 standardized product support data
2506;Deliver;Service;Product Support Data Management​;Import GEIA-STD-0007 standardized product support data
2506;Deliver;Service;Product Support Data Management​;Generate Report LSA – 024 having maintenance plan summary to maintain operational excellence
2506;Deliver;Service;Service Asset Management​;Physical asset service logbook
2506;Deliver;Service;Service Asset Management​;Support Physical BOM operations like Assign Lot and Serial numbers under Partitions
2506;Deliver;Service;Service Events;Enable efficient relocation of assets using geographical transfer service events
2506;Deliver;Service;Service Events;Enable deletion of Uninstall Part Movement in Service Event​
2506;Deliver;Service;Service Events;Flexibility to modify Action Date for Uninstall Part Movement by direct timeline corrections
2506;Deliver;Service;Service Events;Create Association Service Event to link different physical structures together for traceability and maintenance
2506;Deliver;Service;Service Planning;Enable search with precision using Find-in structure functionality​
2506;Deliver;Service;Service Planning;Edit Service Plan in Excel using Export Round-trip
2506;Deliver;Service;Teamcenter SLM for Salesforce;Auto-publish articles created from Teamcenter Service Requirements
2506;Deliver;Service;Teamcenter SLM for Salesforce;Show Parts, Tools & Skills on respective steps in Article 
2506;Deliver;Service;Teamcenter SLM for Salesforce;Creation of Articles & Workplan Templates in the background while Asset generation
2506;Deliver;Suppliers;Supplier Collaboration - Partner Connect;Securely share product information across multiple suppliers with ability to control visibility based on business needs
2506;Deliver;Sustainability;Environmental Compliance and Product Sustainability;Ensure materials in your products are compliant with environmental regulations
2506;Deliver;Sustainability;Environmental Compliance and Product Sustainability;View comprehensive material composition and compliance information for vendor parts
2506;Develop;Documents;Document Management;Publish S1000D content with applicability management
2506;Develop;Simulation;Simulation Process Management;Integration of MADE for Functional Hazard Analysis​
2506;Develop;Simulation;Simulation Process Management;Embedded Simcenter STAR-CCM+ scene viewer in Teamcenter
2506;Develop;Visualization;Visualization - BOM Integration;Delta Update behaviors to avoid full reloads during change
2506;Develop;Visualization;Visualization - Deployability & Infrastructure;Paper certification for some GRID cards
2506;Develop;Visualization;Visualization - Usability;Clearly identify visual reporting categories as authored in Teamcenter Visualization desktop
2506;Develop;Visualization;Visualization - Usability;Highlight selected items without altering any part’s material properties​
2506;Develop;Visualization;Visualization - Usability;Common 3D functions are more accessible via the main context menu​
2506;Develop;Visualization;Visualization - Usability;Usability changes make the Move feature more intuitive 
2506;Develop;Visualization;Visualization - Usability;Clearly identify reporting categories as authored in Teamcenter Visualization desktop
2506;Develop;Visualization;Visualization - Usability;Clearly identify usable 3D markup anchor points
2506;Foundation;Deployability;Platform - Security - Authorization;Protect attributes with access rules
2506;Foundation;Industry Solutions;Industries - CPR - CPG;Formulated BOM Management - Easily work with an enhanced formula BOM with flexible user inputs​
2506;Foundation;Industry Solutions;Industries - CPR - CPG;Manufacturing Planning for Consumer Products​ - Efficiently plan manufacturing for SKUs and higher-level packaging
2506;Foundation;Industry Solutions;Industries - Semiconductor Lifecycle Management;Tapeout and Mask Management - Simplify multi-project wafer development with pre-built templates and configurations
2506;Foundation;Usability;Platform - Active Workspace Framework - Solution Enablement;Access a relation tree view when viewing search results and other pages displaying collections of data​
2506;Foundation;Usability;Platform - Active Workspace Framework - Usability;Edit objects concurrently with other users or processes without losing changes due to simultaneous saves 
2506;Foundation;Usability;Platform - Active Workspace Framework - Usability;Track property updates on all objects
2506;Foundation;Usability;Platform - Active Workspace Framework - Usability;Optimize table columns to be not editable
2506;Foundation;Usability;Platform - Active Workspace Framework - Usability;Manage table column arrangements without system downtime
2506;Foundation;Usability;Platform - Active Workspace Framework - Usability;Enhance your overview of the data with a total row count in tables
2506;Foundation;Usability;Platform - Active Workspace Framework - Usability;Better readability and consistent property display between read-only mode and edit mode​
2506;Foundation;Usability;Platform - Active Workspace Framework - Usability;Standardized command organization in Details views​
2506;Foundation;Usability;Platform - Active Workspace Framework - Usability;Improved command display for labels, separators, splits, and groups​
2506;Foundation;Usability;Platform - Active Workspace Framework - Usability;Persist dialogs across page changes for a smoother user experience
2506;Foundation;Usability;Platform - Active Workspace Framework - Usability;Better understand progress of large file uploads
2506;Plan;Bill of Materials;Design BOM Alignment;Perform guided updates on specific parts in the impacted BOM in focus mode
2506;Plan;Bill of Materials;Design BOM Alignment;Bootstrap the alignment of an imported design BOM or EBOM
2506;Plan;Bill of Materials;Design BOM Alignment;Analyze BOM coverage based on valid build combinations
2506;Plan;Bill of Materials;Cost Companion;Search for cost effective alternatives in a flat BOM
2506;Plan;Bill of Materials;Cost Companion;Mark outliers (values out of range) in table view
2506;Plan;Bill of Materials;Partitions;Compare BOM content with Partition Scheme applied
2506;Plan;Bill of Materials;Partitions;Filter in the Partition Unassigned view
2506;Plan;Bill of Materials;Smart Discovery;Filter for your results using advanced operators and wildcards
2506;Plan;Bill of Materials;Smart Discovery;Support Table Properties for Find & Filter​
2506;Plan;Bill of Materials;Smart Discovery;Support Typed Reference property filtering for AbstractOccAttrs
2506;Plan;Bill of Materials;Smart Discovery;Use Artificial Intelligence to perform Smart Discovery actions
2506;Plan;Bill of Materials;Structure Management;Edit multiple BOMs directly in the context of an engineering change
2506;Plan;Bill of Materials;Structure Management;Manage occurrence properties on substitutes​
2506;Plan;Bill of Materials;Structure Management;Review BOM changes with redlines
2506;Plan;Bill of Materials;Structure Management;Import more complete structure content from Excel including properties on relation, substitutes, and array properties
2506;Plan;Bill of Materials;Structure Management;Propagate configurator variability updates to impacted reuse solution variants
2506;Plan;Bill of Materials;Structure Management;View, author and perform rollup of weight and balance or any custom metric in user defined units
2506;Plan;Bill of Materials;Structure Management;Use product configurator within structures
2506;Plan;Configuration;Product Configuration;Compare and edit multiple variants in a grid view and export to Excel
2506;Plan;Configuration;Product Configuration;"Support the ""discontinue-process"" for configurator objects in Active Workspace"
2506;Plan;Configuration;Product Configuration;View more features with flexible layouts with variant configuration view​
2506;Plan;Configuration;Product Configuration;View and bulk validate variants​
2506;Plan;Configuration;Product Configuration;Author product lines in Active Workspace
2506;Plan;Configuration;Product Configuration;Manage product-in-product scenarios with conditional modules​
2506;Plan;Configuration;Product Configuration;Import constraints and variants into Product Configurator using Excel CSV import
2506;Plan;Configuration;Product Configuration;Simplify installation of Variant Matrix
2506;Plan;Process;Change Management;Track minor changes to bill of material components that do not affect form, fit, or function
2506;Plan;Process;Change Management;Track modifications to the bill of materials within a change context to help stakeholders understand the impact and ensure transparency​
2506;Plan;Process;Change Management;Merge various types of modifications of a released concurrent changes with the bill of material you are working on to maintain up-to-date accuracy​
2506;Plan;Process;Change Management;Stay informed about concurrent changes made by others to the bill of material you are working on
2506;Plan;Process;Change Management;Remain aware of potential updates to non-privileged data without requiring full visibility
2506;Plan;Process;Program Planning;Distribute a read-only version of programs and schedules across various business units
2506;Plan;Process;Program Planning;Share and collaborate on program project and related data across business units
2506;Plan;Process;Workflow;Improve cycle time by avoiding unnecessary re-approvals on completed workflow tasks
2506;Plan;Process;Workflow;Empower users to update workflow participants at specific task​
2506;Plan;Process;Workflow;Easily adapt to staffing changes with dynamic participant assignments in an active workflow
2506;Plan;Requirements;Requirements Management;Update the properties on relations between objects using Excel-Round trip
2506;Plan;Requirements;Requirements Management;Leverage a requirement-focused user experience that brings relevant data to you without leaving your page
2506;Plan;Systems;MBSE - System Verification and Model Management;Bring system lifecycle management to SysML® v2 with Teamcenter integration
2506;Plan;Systems;MBSE - System Verification and Model Management;Integrate Cameo system architecture with downstream domains
2506;Plan;Systems;MBSE - System Verification and Model Management;Integrate Rhapsody system architecture with downstream domains
2506;Plan;Systems;MBSE - System Verification and Model Management;Perform collaborative modeling in Systems Modeling Workbench with Teamcenter Discuss
2506;Plan;Systems;MBSE - System Verification and Parameter Management;​​Digital Thread Navigation - Graphically navigate structured and unstructured information
2506;Plan;Systems;MBSE - System Verification and Parameter Management;Parameter and Characteristics Management - View revision history and relation browser digital thread for Characteristics
2512;Deliver;Analytics;Search and Analytics - Search;Streamline admin re-indexing steps after changes to filters or the data
model;" reducing manual effort and minimizing the risk of errors""";;;
2512;Deliver;Analytics;Classification;Exchange classification data with OEMs, suppliers, and partners in
"standard TCXML format​""";;;;
2512;Deliver;Analytics;Search and Analytics - Search;Interact with Teamcenter Copilot in Korean ​
2512;Deliver;Manufacturing;MBOM Management;Paste Assembly in Context support in MBOM
2512;Deliver;Manufacturing;MBOM Management;Align Selected Lines support in MBM​
2512;Deliver;Manufacturing;MBOM Management;Automatic creation of assignment domain based on object types
2512;Deliver;Manufacturing;MBOM Management;Partition support in MBOM​
2512;Deliver;Manufacturing;MBOM Management;Roll-up Indications for Partitions
2512;Deliver;Manufacturing;MBOM Management;Smart discovery-based Filter for EBOM-MBOM​
2512;Deliver;Manufacturing;MBOM Management;New type for Collaborative MBOM
2512;Deliver;Manufacturing;MBOM Management;Support for Active change and Scoped accountability check
2512;Deliver;Manufacturing;MBOM Management;Create Manufacturing Representation from BOM Alignment page
2512;Deliver;Manufacturing;Process Planning;Improve time study authoring efficiency
2512;Deliver;Manufacturing;Process Planning;Increase time study authoring capabilities
2512;Deliver;Manufacturing;Process Planning;Block user actions that violate the precedence constraints
2512;Deliver;Manufacturing;Process Planning;Allow detailed planning for a work package that has no product
2512;Deliver;Manufacturing;Process Planning;Improve the usability of the Set Variant Formula
2512;Deliver;Manufacturing;Process Planning;Empower administrators and users to organize studies and control access via project membership
2512;Deliver;Manufacturing;Process Planning;Improve study management productivity by enabling to classify studies per category and status 
2512;Deliver;Manufacturing;Process Planning;Boost team collaboration in Easy Plan with manufacturing check out 
2512;Deliver;Manufacturing;Process Planning;Perform merge study scenes directly in Process Simulate for faster, more comprehensive engineering workflows
2512;Deliver;Manufacturing;Process Planning;Quickly find specific information in the BOP with advanced search capabilities
2512;Deliver;Manufacturing;Process Planning;Gain full visibility of Manufacturing Sequence across all hierarchy levels of the process plan
2512;Deliver;Manufacturing;Process Planning;Enhanced change traceability of BOP Operations for specific scenarios by downstream systems
2512;Deliver;Manufacturing;Process Planning;Improve flexibility by supporting varied MBOM scenarios during high-level BOP setup
2512;Deliver;Manufacturing;Process Planning;Quickly generate PFMEA from BOP from within the Easy Plan UI and open in Active Workspace for further detailing
2512;Deliver;Manufacturing;Process Planning;Quickly identify and assign relevant Inspection Definitions to the BOP
2512;Deliver;Manufacturing;Process Planning;Quickly identify BOP operations that have Inspection Definitions with changes
2512;Deliver;Manufacturing;Process Planning;Quickly configure columns to be shown for the tree tables in the Planning pages
2512;Deliver;Manufacturing;Process Planning;Easy Plan empowers efficient, accurate process planning for composite manufacturing
2512;Deliver;Manufacturing;Process Planning;Transform complex BOM and BOP structures into intuitively navigable insights
2512;Deliver;Manufacturing;Process Planning;Granular MBOM visibility on planning pages for streamlined navigation and focused exploration
2512;Deliver;Manufacturing;Process Planning;Consistent, accessible PMI, despite decoupled DBOM/EBOM
2512;Deliver;Manufacturing;Process Planning;Direct RBOP-to-AR WI generation ensures accurate, efficient work instructions
2512;Deliver;Manufacturing;Process Planning;To enable the definition, management, and utilization of parameters within Easy Plan, ensuring consistent and dynamic data usage across industries like semi conductors & battery industry.
2512;Deliver;Manufacturing;Process Planning;Enable seamless access, viewing, and execution of Electronic Work Instructions (EWI) in offline mode, ensuring uninterrupted operations in environments with limited or no network connectivityEnable seamless access, viewing, and execution of Electronic  ork Instructions (EWI) in offline mode, ensuring uninterrupted operations in environments with limited or no network connectivity
2512;Deliver;Manufacturing;Process Planning;Facilitates the creation and management of part planning data within Easy Plan, ensuring a seamless link between product structures and manufacturing processes for accurate and efficient production planning
2512;Deliver;Manufacturing;Process Planning;Facilitates complete migration of TWI and STX content from RAC to Easy Plan, ensuring all text, images, symbols, formatting, and colors are successfully transferred to maintain content fidelity
2512;Deliver;Service;Service Planning;Service applicability of Requirement​
2512;Deliver;Service;Service Planning;Hide Legacy Notices tab using preference​
2512;Deliver;Service;Service BOM;Display spares tab in SBOM secondary work area
2512;Deliver;Service;Service BOM;Configure SBOM and Service plan independently in Service plan view
2512;Deliver;Service;Product Support Data Management​;Generate LSA-09 (Support Item List) for provisioning
2512;Deliver;Service;Product Support Data Management​;Enable alphanumeric LCNs and LCN sequence gaps
2512;Deliver;Service;Product Support Data Management​;Migrate SNS from content management to TC core
2512;Deliver;Service;Product Support Data Management​;Generate LSA-36 (Provisioning Requirements Summary) for conference review and repair parts identification for new equipment
2512;Deliver;Service;Product Support Data Management​;Generate LSA-56 (FMECA Summary) to identify system failure effects
2512;Deliver;Service;Product Support Data Management​;Generate LSA-19 (Task Analysis Summary) for analysis and data development
2512;Deliver;Service;Service Asset Management​;Reassignment of discrepancy with first reported target ​
2512;Deliver;Service;Service Planning;Leverage AI to generate Service Plans from service documents
2512;Deliver;Service;Teamcenter SLM for Salesforce;Seamless transfer of Product configurator data from Teamcenter to Salesforce
2512;Deliver;Service;Teamcenter SLM for Salesforce;Quote Creation in Salesforce RLM Powered by Teamcenter Product Configurator
2512;Deliver;Service;Teamcenter SLM for Salesforce;Dynamic Quote updates on Feature selection changes
2512;Deliver;Service;Teamcenter SLM for Salesforce;Service Lifecycle Management (SLM) now available on Teamcenter X v2512
2512;Deliver;Service;Teamcenter SLM for Salesforce;Seamless transfer of Product configurator data from Teamcenter to Salesforce
2512;Deliver;Service;Teamcenter SLM for Salesforce;Quote Creation in Salesforce RLM Powered by Teamcenter Product Configurator
2512;Deliver;Service;Teamcenter SLM for Salesforce;Dynamic Quote updates on Feature selection changes
2512;Deliver;Service;Teamcenter SLM for Salesforce;Service Lifecycle Management (SLM) now available on Teamcenter X v2506
2512;Deliver;Service;Service Planning;Define specific applicability to service requirement to enhance accuracy and precision
2512;Deliver;Service;Service Planning;Introducing the Legacy Notices Tab Visibility Preference
2512;Deliver;Service;Service Planning;Unlocking Efficiency: SBOM-Driven Spares in Service Plan Views
2512;Deliver;Service;Service BOM;Configure SBOM and Service plan independently
2512;Deliver;Service;Service Asset Management​;Specify the First reported target of service Discrepancy
2512;Deliver;Service;Product Support Data Management​;Generate LSA-09 Report: List support items needed for the provisioning process
2512;Deliver;Service;Product Support Data Management​;Generate LSA-36 Report: Provide a summary of provisioning requirements for conference review and aid in selecting repair parts for equipment fielding
2512;Deliver;Service;Product Support Data Management​;Generate LSA-56 Report: Summarize the Failure Mode, Effects, and Criticality Analysis (FMECA) to identify potential system failure impacts
2512;Deliver;Service;Product Support Data Management​;Generate LSA-19 Report: Provide a Task Analysis Summary for analysis and data development
2512;Deliver;Service;Product Support Data Management​;Enable alphanumeric LCNs and identify LCN sequence gaps
2512;Deliver;Service;Product Support Data Management​;Move SNS to the TC core from content management
2512;Deliver;Suppliers;Supplier Collaboration - Partner Connect;Stay connected with suppliers using Teamcenter Discussions​
2512;Deliver;Suppliers;Asset Administration Shell Collaboration;Effortlessly collaborate with suppliers on standardized, interoperable digital twin data enabled by the Asset Administration Shell
2512;Deliver;Suppliers;Asset Administration Shell Collaboration;Easily search and locate standard parts published in Asset Administration Shell (AAS) format by suppliers that meets your product requirements​
2512;Deliver;Suppliers;Asset Administration Shell Collaboration;Seamlessly import and convert AAS submodels into Teamcenter parts for use in your product designs
2512;Deliver;Suppliers;Asset Administration Shell Collaboration;Export Teamcenter product data in Industrial Digital Twin Association (IDTA) standard AAS format
2512;Deliver;Suppliers;Asset Administration Shell Collaboration;Get notified when AAS you already use have gone through a change and choose to import updates
2512;Deliver;Sustainability;Environmental Compliance and Product Sustainability;Manage sustainability targets and calculate and report environmental impacts for part, assembly or product​
2512;Deliver;Sustainability;Environmental Compliance and Product Sustainability;Manage declarations more effectively with filtering and sorting based on compliance information
2512;Deliver;Sustainability;Environmental Compliance and Product Sustainability;Categorize material declarations in bulk​
2512;Deliver;Sustainability;Environmental Compliance and Product Sustainability;Configure who can view and modify material composition
2512;Develop;Documents;Document Management;Manage emails in the context of product information in Active Workspace
2512;Develop;Documents;Document Management;Define periodic review schedule and role for documents
2512;Develop;Documents;Document Management;Create items and view properties faster with focused panels in Office Client 
2512;Develop;Documents;Document Management;Change your role or group instantly without restarting the Microsoft Office application
2512;Develop;Visualization;Visualization - Usability;Use the reorganized toolbar to access grouped and reordered features that better reflect common usage patterns​
2512;Develop;Visualization;Visualization - Usability;Create custom Color Schemes to provide background coloring, selection colors and lighting combinations that match user preferences
2512;Develop;Visualization;Visualization - BOM Integration;Deploy Visualization with no VisServers, lowering costs, increasing scalability, and improving user satisfaction & productivity
2512;Develop;Visualization;Visualization - BOM Integration;Use Massive Model Visualization for client-side rendering to view all sizes of product data quickly and smoothly
2512;Develop;Visualization;DMU for Manufacturing;Create & View Product Views (PVs) of Electronic Work Instructions (EWIs) in Active Workspace Easy Plan 3D Viewer
2512;Develop;Visualization;DMU for Part Design;View JT files containing CAE information in the Part Viewer
2512;Develop;Visualization;DMU for Part Design;Control the visibility of part information at a granular level to support a broad range of use cases (BETA)​
2512;Develop;Visualization;Digital Threads;Integrate Snapshot component into customized pages like the dashboard to provide key visual information quickly
2512;Foundation;Industry Solutions;Industries - Battery Lifecycle Management;Get up and running faster with a pre-configured template for battery manufacturers
2512;Foundation;Industry Solutions;Industries - CPR - CPG;Accelerate generation of claims and declarations for consumer product goods
2512;Foundation;Industry Solutions;Industries - CPR - CPG;Efficiently estimate resource needs and effort for strategic roadmap planning
2512;Foundation;Industry Solutions;Industries - CPR - CPG;Effectively estimate volumes for formulated products
2512;Foundation;Industry Solutions;Industries - CPR - CPG;Efficiently manage vendors and vendor parts for formulation product development
2512;Foundation;Industry Solutions;Industries - CPR - CPG;Simplify and automate mass rollup of substances in a formula BOM
2512;Foundation;Industry Solutions;Industries - Semiconductor Lifecycle Management;Streamline post-tapeout process for better efficiency and control
2512;Foundation;Industry Solutions;Industries - Semiconductor Lifecycle Management;Enhance semiconductor design accuracy and efficiency with improved technology design kit management
2512;Foundation;Usability;Platform - Active Workspace Framework - Usability;Increase your productivity with a dashboard-style home page and personalizable navigation links 
2512;Foundation;Usability;Platform - Active Workspace Framework - Usability;Improve the usability, clarity and readability of details views​
2512;Foundation;Usability;Platform - Active Workspace Framework - Usability;Effortlessly copy and paste text in tables for a spreadsheet like experience
2512;Foundation;Usability;Platform - Active Workspace Framework - Usability;Easily interact with open objects using new relations tree, frequently used commands and streamlined tabs
2512;Foundation;Usability;Platform - Active Workspace Framework - Extensibility;Hide, show, and reorder EasyPlan tabs
2512;Foundation;Usability;Platform - Active Workspace Framework - Extensibility;Leverage React 18.3 in Siemens Web Framework and Active Workspace
2512;Foundation;Usability;Collaboration;Communicate with suppliers and colleagues across sites with discussions
2512;Foundation;Usability;Collaboration;Query your workflow tasks through natural language search from Microsoft Teams
2512;Foundation;Usability;Collaboration;Get intelligent answers fast with Microsoft 365 Copilot insight from Teamcenter
2512;Foundation;Usability;Platform - Active Workspace Framework - Usability;Ensure comprehensive accessibility across Active Workspace by achieving Web Content Accessibility Guidelines (WCAG) 2.1 Level AA compliance
2512;Plan;Bill of Materials;Design BOM Alignment;Create and manage weld, fastener and connections
"information with aligned EBOM""";;;;
2512;Plan;Bill of Materials;Design BOM Alignment;Configure design based on occurrence alignments for multi representation vendor part
2512;Plan;Bill of Materials;Design BOM Alignment;Manage color themes in a user-friendly interface and automate creation of color parts and assemblies
2512;Plan;Bill of Materials;Design BOM Alignment;Simplify initial alignment of parts imported from an external
"system with automation """;;;;
2512;Plan;Bill of Materials;Design BOM Alignment;Split selected EBOM part occurrence based on quantity or variant criteria 
2512;Plan;Bill of Materials;Design BOM Alignment;Easily identify alignments in different contexts with new indicator
2512;Plan;Bill of Materials;Design BOM Alignment;Simplify the maintenance of an aligned EBOM by splitting part
"usage based on multiple criteria""";;;;
2512;Plan;Bill of Materials;Design BOM Alignment;Author and manage symmetrical parts and their alignments in
"the engineering BOM""";;;;
2512;Plan;Bill of Materials;Smart Discovery;Operate your Smart Discovery Indexing processes as a service
2512;Plan;Bill of Materials;Smart Discovery;Administer your Smart Discovery Index using Active Workspace
2512;Plan;Bill of Materials;Smart Discovery;Reduce the amount of structure being Indexed for Smart Discovery
2512;Plan;Bill of Materials;Smart Discovery;Investigate your Smart Discovery issues with Reactive Logging
2512;Plan;Bill of Materials;Smart Discovery;Filter your structure while in Split View​
2512;Plan;Bill of Materials;Smart Discovery;Use BOM CoPilot to perform additional BOM actions and leverage AI reasoning
2512;Plan;Bill of Materials;Structure Management;Capture the configuration state of a product structure and its related data as a baseline
2512;Plan;Bill of Materials;Structure Management;Create and update all categories of solution variants with an integrated user experience
2512;Plan;Bill of Materials;Structure Management;Develop BOM based applications within Mendix​
2512;Plan;Bill of Materials;Structure Management;Bulk apply configuration parameters​
2512;Plan;Bill of Materials;Structure Management;Provide toggle for connections and GDEs in structure
2512;Plan;Bill of Materials;Structure Management;Include top level in compare results
2512;Plan;Configuration;Product Configuration;Use 'intent' to filter and solve domain-specific configurations like sales, engineering, and manufacturing
2512;Plan;Configuration;Product Configuration;Experience fast product configurator response on most frequently used selections
2512;Plan;Configuration;Product Configuration;Show product specific feature properties from the allocation in variant condition editor and features view
2512;Plan;Configuration;Product Configuration;Set up external web service-based calculations for Product Configurator in Active Workspace
2512;Plan;Configuration;Product Configuration;View and create Teamcenter configurations embedded in Salesforce or other sales applications
2512;Plan;Process;Change Management;Easily view solution item redlines using indicators and edit properties from the summary view
2512;Plan;Process;Workflow;Configure rules based on property values and conditions to dynamically assign users to workflow tasks​
2512;Plan;Process;Workflow;See a complete and detailed workflow process history for accountability and audit compliance 
2512;Plan;Requirements;Requirements Management;View your overall requirement status with a refreshed dashboard view
2512;Plan;Requirements;Requirements Management;Leverage AI to evaluate requirement quality and identify new or modified parameters
2512;Plan;Systems;MBSE - System Architecture, Functional & Systems Modeling;Trace, allocate and satisfy requirements in Systems Modeler for SysML v2 
2512;Plan;Systems;MBSE - System Architecture, Functional & Systems Modeling;Connect Systems Modeler for SysML v2 with Teamcenter X for fast and secured collaboration
2512;Plan;Systems;MBSE - System Architecture, Functional & Systems Modeling;Perform collaborative modeling in Cameo with Teamcenter branching and versioning
2512;Plan;Systems;MBSE - System Verification and Parameter Management;View the digital thread with improved object and relation graphics
2512;Plan;Systems;MBSE - System Verification and Parameter Management;Easily navigate structured and unstructured data using streamlined graphics and simplified orientations
2512;Plan;Systems;MBSE - Verification Planning and Execution;Update your BOM revisions on demand within the VerificationRequest
2512;Plan;Systems;MBSE - Verification Planning and Execution;Enrich your verification and parameter experience with dedicated reports, transitions and status rollups
2606;Deliver;Analytics;Classification;See suggested values when defining classifications
2606;Deliver;Analytics;Classification;Display filter properties based on selected classification class
2606;Deliver;Analytics;Search and Analytics - Reporting and Analytics;Provide dashboard access to reporting information mapped to your 3D data
2606;Deliver;Analytics;Search and Analytics - Reporting and Analytics;Analyze product lifecycle data from Teamcenter in Power BI
2606;Deliver;Analytics;Search and Analytics - Search - AI;Unlock key insights from semantic metadata properties with Teamcenter Copilot
2606;Deliver;Analytics;Search and Analytics - Search;Build and execute advanced power queries
2606;Deliver;Manufacturing;Enterprise Recipe Management;Enabled flexible layout positioning in Pert for easier layout
2606;Deliver;Manufacturing;Enterprise Recipe Management;Added new Enterprise Recipe Management flow supporting conditional logic
2606;Deliver;Manufacturing;Enterprise Recipe Management;Simplified Classification parameter selection for display on ERM Canvas
2606;Deliver;Manufacturing;Enterprise Recipe Management;Support DCD and TC Parameter for Recipe Transform and Clone
2606;Deliver;Manufacturing;Enterprise Recipe Management;Support  Lab recipe creation
2606;Deliver;Manufacturing;MBOM Author;Update All Partial Mismatches in MBOM
2606;Deliver;Manufacturing;MBOM Author;Align the Revise Panel with Active Workspace for a unified user experience
2606;Deliver;Manufacturing;MBOM Author;Introduce a release status indicator column in BOM Alignment​
2606;Deliver;Manufacturing;MBOM Author;Enhance the CBA 2.0 to CBA 3.0 migration tool to ensure a smoother and  efficient migration process
2606;Deliver;Manufacturing;MBOM Author;Support multiple type mappings for MBOM Mirror on Assembly MBOM​
2606;Deliver;Manufacturing;MBOM Author;New Workflow to recursively resolve BOM recipes
2606;Deliver;Manufacturing;MBOM Author;"""Reuse"" Solution Variant support in MBOM​"
2606;Deliver;Manufacturing;MBOM Author;Store Accountability Check results for EBOM and MBOM​
2606;Deliver;Manufacturing;MBOM Author;Ability to assign Mini Context MBOM for the corresponding selected Mini Context EBOM
2606;Deliver;Manufacturing;Manufacturing Features;Show Connected To column OOTB in BOM Alignment page
2606;Deliver;Manufacturing;Manufacturing Features;Enable support for populating Feature Containers in the BOM Alignment page
2606;Deliver;Manufacturing;Manufacturing Features;Provide support for importing Manufacturing Features in the BOM Alignment page
2606;Deliver;Manufacturing;Process Planning;"""Ignore"" changes that do not need to be propagated in the ""MCN Compare"" mode."
2606;Deliver;Manufacturing;Process Planning;Assign the same operation to different PRs in Line Balancing
2606;Deliver;Manufacturing;Process Planning;Common UI/UX for the Add panel across all pages
2606;Deliver;Manufacturing;Process Planning;Configure by Selection
2606;Deliver;Manufacturing;Process Planning;Consider Split Variant Formula When Accounting Product BOP and Plant BOP
2606;Deliver;Manufacturing;Process Planning;"Consider Variant Formula ""OR"" during operation allocation"
2606;Deliver;Manufacturing;Process Planning;Convert Model Views tab for process
2606;Deliver;Manufacturing;Process Planning;Display impacted Operations only containing the specific occurrence of a part that has been changed and tracked in the MCN
2606;Deliver;Manufacturing;Process Planning;Filter through information in columns
2606;Deliver;Manufacturing;Process Planning;Hierarchical Takt Time Roll-Down
2606;Deliver;Manufacturing;Process Planning;MCN tracking of newly created ME Activities under an Operation
2606;Deliver;Manufacturing;Process Planning;Mini-context support extended to also consider the  EBOM
2606;Deliver;Manufacturing;Process Planning;Reference Operations and Processes in Classic BOP
2606;Deliver;Manufacturing;Process Planning;Support Applying Custom Variant Rule on the EBOM in BOM Alignment​
2606;Deliver;Manufacturing;Process Planning;Support operation creation in Line Balancing
2606;Deliver;Manufacturing;Process Planning;Twin Sync Advanced - View details of changes, Execute Sync as per user selection, Reinstate removed twin objects
2606;Deliver;Manufacturing;Process Planning;Workflow Panel Standardization
2606;Deliver;Manufacturing;Process Planning;Set Project(s) recursively to multiple BOP lines​​
2606;Deliver;Manufacturing;Process Planning;Expand and collapse BOP lines
2606;Deliver;Manufacturing;Easy Plan Visualization;3D Markup text: include TC properties
2606;Deliver;Manufacturing;Easy Plan Visualization;Assembly PMIs 3D data
2606;Deliver;Manufacturing;Easy Plan Visualization;EWI: secondary viewer for parts and tools
2606;Deliver;Manufacturing;Easy Plan Visualization;Find in BOP: From 3D Viewer
2606;Deliver;Manufacturing;Easy Plan Visualization;Load Product Views
2606;Deliver;Manufacturing;Process Planning - AI;Speed up manufacturing planning with conversational commands instead of manual data entry and steps
2606;Deliver;Manufacturing;Process Planning - AI;Author manufacturing plans using conversational input and detailed specifications for faster, more accurate plan creation
2606;Deliver;Manufacturing;Process Planning - AI;Ensure safe and controlled plan updates by reviewing and modifying data only within your current Easy Plan scope
2606;Deliver;Manufacturing;Work Instructions;Data Collection in Standard Text
2606;Deliver;Manufacturing;Work Instructions;Offline Electronic Work instructions
2606;Deliver;Manufacturing;Work Instructions;Planner Inputs in Text Elements
2606;Deliver;Manufacturing;Process Planning;Clone isolated studies to explore diverse simulation strategies
2606;Deliver;Manufacturing;Process Planning;Clone time studies to explore diverse manufacturing strategies
2606;Deliver;Manufacturing;Process Planning;View only the details you need with expand and collapse controls for every BOP page
2606;Deliver;Manufacturing;Process Planning;Streamline project assignment across your entire process structure with full control over scope and revisions
2606;Deliver;Manufacturing;Simulation and Test Management;In-app integration of Teamcenter Simulation for PHM MADE
2606;Deliver;Manufacturing;Simulation and Test Management;Study configuration in Teamcenter Simulation
2606;Deliver;Manufacturing;Simulation and Test Management;Refined relations view for intuitive navigation of relationships and dependencies
2606;Deliver;Manufacturing;Simulation and Test Management;Dedicated overview for system simulation data
2606;Deliver;Manufacturing;Simulation and Test Management;Enhanced tool launch history
2606;Deliver;Quality;Quality Management - AI;Teamcenter Copilot for quality and compliance management
2606;Deliver;Quality;FMEA;Align master and variant FMEAs to ensure consistency across product variants and reduce duplication effort
2606;Deliver;Quality;FMEA;Compare master and variant FMEAs to easily identify deviations and assess impact on quality and risk
2606;Deliver;Quality;FMEA;Highlight root cause actions to improve transparency and accelerate issue resolution
2606;Deliver;Quality;FMEA;Synchronize item and FMEA structures to maintain a consistent digital thread and avoid data misalignment
2606;Deliver;Quality;FMEA;Enhanced form sheets improve usability and streamline data entry, reducing user effort in daily quality tasks
2606;Deliver;Quality;FMEA;Modernized UX/UI provides a more intuitive and efficient user experience, increasing productivity and user adoption
2606;Deliver;Quality;Control & Inspection Planning;Enhanced characteristic management improves structure and usability, enabling more efficient handling of quality data
2606;Deliver;Quality;Control & Inspection Planning;New SPC rule strengthens statistical analysis, helping to detect deviations earlier and reduce quality risks
2606;Deliver;Quality;Control & Inspection Planning;Optimized PMI table layout improves clarity and usability, allowing faster interpretation of product and inspection data
2606;Deliver;Quality;Quality - Master data and checklist​;Extended checklist functionality increases flexibility and supports more comprehensive quality assessments
2606;Deliver;Quality;Quality - Master data and checklist​;Enhanced tree view visualization improves transparency, enabling users to quickly understand relationships and status
2606;Deliver;Quality;Quality - Master data and checklist​;Improved attachment management simplifies access to relevant documents, ensuring better traceability and audit readiness
2606;Deliver;Quality;Training & Qualification;Enhanced qualification matrix improves transparency and enables better tracking of skills across organizations
2606;Deliver;Quality;Training & Qualification;Optimized requalification processes and workflows ensure timely renewals and strengthen compliance with industry standards
2606;Deliver;Quality;Training & Qualification;Improved notification emails increase awareness and help users stay on top of required actions
2606;Deliver;Quality;Training & Qualification;Enhanced qualification records provide better traceability and support audit readiness
2606;Deliver;Quality;Audit & Assessment ;General enhancements across quality modules improve usability and ensure a more consistent audit experience
2606;Deliver;Quality;Audit & Assessment ;New spider chart visualizes strengths and weaknesses across audit areas, enabling faster insights and better decision-making
2606;Deliver;Quality;Audit & Assessment ;UX extensions provide a more intuitive and efficient user experience, increasing productivity in audit and assessment processes
2606;Deliver;Quality;Quality Action Management;Enhanced quality action information improves transparency and supports better decision-making throughout the process
2606;Deliver;Quality;Quality Action Management;Improved “save as” and “add” commands streamline action creation and reuse, reducing effort and increasing efficiency
2606;Deliver;Service;Service BOM;Add Fault code on Service BOM
2606;Deliver;Service;Service BOM;Align Spare Definition with Alternate and Substitute
2606;Deliver;Service;Service BOM;Add Usage-based parts in SE and SBOM view
2606;Deliver;Service;Service Planning;Enhanced service plan management and configuration​
2606;Deliver;Service;Product Support Data Management​;Enforce XA business rules to validate End Item Acronym Code data integrity
2606;Deliver;Service;Product Support Data Management​;Generate LSA-050, LSA-070, LSA-151, and LSA-152 reports for logistics support analysis
2606;Deliver;Service;Service Asset Management​;Manage association and disassociation events for data accuracy and integrity
2606;Deliver;Service;Teamcenter SLM for Salesforce;Leverage quotes in Salesforce powered by Teamcenter Product Configurator
2606;Deliver;Suppliers;Asset Administration Shell Collaboration;Accelerate and simplify product hierarchy export to Asset Administration Shell
2606;Deliver;Suppliers;Asset Administration Shell Collaboration;Easily onboard new Asset Administration Shell (AAS) submodels and stay updated with evolving AAS standards
2606;Deliver;Suppliers;Supplier Collaboration - Partner Connect;Collaboratively manage and update supplier data for greater accuracy
2606;Deliver;Suppliers;Supplier Connect;Simplify supplier management with fast and easy supplier onboarding
2606;Deliver;Sustainability;Environmental Compliance and Product Sustainability;Accelerate compliance checks in part and product releases
2606;Deliver;Sustainability;Environmental Compliance and Product Sustainability;Bulk apply compliance categories to parts and materials
2606;Deliver;Sustainability;Environmental Compliance and Product Sustainability;Configure compliance without leaving Teamcenter
2606;Develop;Documents;Document Management;Manage and edit Office files from Active Workspace in the browser
2606;Develop;Visualization;DMU for Part Design;View, navigate, and control visibility of the Leaf Structure within a JT file
2606;Develop;Visualization;DMU for Part Design;Use added controls to show and hide PMI (Product Manufacturing Information)
2606;Develop;Visualization;DMU for Part Design;Control the current Reference Set from within your live session​
2606;Develop;Visualization;Navigating Large Data;Define your 3D context using volume, proximity, and zone spatial filters
2606;Develop;Visualization;Visualization - Usability;View, navigate, and control visibility of the Leaf Structure within a JT file​
2606;Develop;Visualization;Visualization - Usability;Control the current Reference Set from within your live session
2606;Develop;Visualization;Visualization - Usability;Use added controls to show and hide PMI​
2606;Develop;Visualization;Visualization - Usability;Define your 3D context using volume, proximity, and zone spatial filters​
2606;Develop;Visualization;Visualization - Usability;View previously loaded MMV data even faster using rapid restore​
2606;Foundation;Deployability;Security Hardening;Automatically configure cryptographic security settings to meet federal information processing standards (FIPS 140-3)
2606;Foundation;Industry Solutions;Industries - CPR - CPG;Easily manage and reuse brand assets for packaging and ingredients
2606;Foundation;Industry Solutions;Industries - CPR - CPG;Calculate precise weight of a consumer product including packaging and ingredients
2606;Foundation;Industry Solutions;Industries - Semiconductor Lifecycle Management;Enhance semiconductor design accuracy and efficiency with improved technology design kit management
2606;Foundation;Industry Solutions;Industries - Semiconductor Lifecycle Management;Streamline post-tapeout process for better efficiency and control
2606;Foundation;Usability;Platform - Active Workspace Framework - Solution Enablement;Expand and view related data faster with an inline tree
2606;Foundation;Usability;Platform - Active Workspace Framework - Solution Enablement;Leverage assistance to delete objects and related data
2606;Foundation;Usability;Platform - Active Workspace Framework - Solution Enablement;Enhance copy and paste functionality 
2606;Foundation;Usability;Platform - Active Workspace Framework - Solution Enablement;Change owner of associated data
2606;Foundation;Usability;Platform - Active Workspace Framework - Usability;Create and personalize your home page and dashboards
2606;Foundation;Usability;Platform - Active Workspace Framework - Usability;Leverage new modern Siemens branding themes that align with Siemens visual identity
2606;Foundation;Usability;Platform - Active Workspace Framework - Usability;Manage column arrangements to improve consistency and simplify administration
2606;Foundation;Usability;Platform - Active Workspace Framework - Usability;Manage files with Teamcenter Drive on cloud or on-premises
2606;Foundation;Usability;Platform - Active Workspace Framework - Usability;Utilize new responsive page layouts for various window and device sizes
2606;Foundation;Usability;Platform - Active Workspace Framework - Usability;Choose your preferred language now including Ukrainian
2606;Plan;Bill of Materials;Design BOM Alignment;Assign different target effectivities to different parts in the same engineering change
2606;Plan;Bill of Materials;Design BOM Alignment;Author and configure an EBOM with applied modification kits
2606;Plan;Bill of Materials;Design BOM Alignment;Manage many-to-one BOM alignment use cases with guided updates based on evolving BOM
2606;Plan;Bill of Materials;Design BOM Alignment;Manage opposite-hand parts and their alignments in an EBOM
2606;Plan;Bill of Materials;Design BOM Alignment;Visualize your color BOM based on themes and visual materials
2606;Plan;Bill of Materials;Structure Management;Bulk edit BOM data using Excel
2606;Plan;Bill of Materials;Structure Management;Compute BOM properties based on configuration
2606;Plan;Bill of Materials;Structure Management;Default revision rule based on assembly type
2606;Plan;Bill of Materials;Structure Management;Default list of available revision rules
2606;Plan;Bill of Materials;Structure Management;Specify revision rule for Used in Structures​ Baselines are no longer copied to Home folder
2606;Plan;Bill of Materials;Structure Management;Load all child lines in Change Content​
2606;Plan;Bill of Materials;Structure Management;Duplicate NX assemblies in Active Workspace
2606;Plan;Bill of Materials;Smart Discovery;Find your items using occurrence notes and properties​
2606;Plan;Bill of Materials;Smart Discovery;Generate bounding boxes and true shapes from selected reference sets in JT content​
2606;Plan;Bill of Materials;Smart Discovery;Locate items in your structure using geometric zones
2606;Plan;Bill of Materials;Smart Discovery;Use Expansion Rules in your Workset​
2606;Plan;Bill of Materials;Partitions;Quickly filter content by partition in your BOM
2606;Plan;Bill of Materials;BOM AI;Use In-Context Change with Teamcenter Copilot in a BOM
2606;Plan;Bill of Materials;BOM AI;Gain insights from related properties and objects
2606;Plan;Bill of Materials;BOM AI;Learn and adapt from user feedback
2606;Plan;Bill of Materials;BOM AI;Integration with Teamcenter Knowledgebases​
2606;Plan;Bill of Materials;BOM AI;Improved interaction with Teamcenter Copilot in a BOM
2606;Plan;Configuration;Product Configuration;Hide families when all features are configured out
2606;Plan;Configuration;Product Configuration;Leverage the power of Rulestream automation with AutoCAD Electrical projects
2606;Plan;Configuration;Product Configuration;Use various mathematical function in a free form constraint
2606;Plan;Configuration;Product Configuration;Integrate with the latest releases of CAD and Teamcenter
2606;Plan;Process;Change Management;Easily revert component and vendor list changes in your bill of materials
2606;Plan;Process;Schedule Manager;Efficiently manage your tasks on the home page Kanban board
2606;Plan;Process;Workflow - AI;Easily initiate workflows with AI suggestions for relevant templates
2606;Plan;Process;Workflow - AI;Quickly assign tasks with AI recommendations for users, groups, and roles
2606;Plan;Process;Workflow;Create and manage global workflow task assignment rules
2606;Plan;Process;Workflow;Intuitively assign tasks based on staffing roles with an assignment rule
2606;Plan;Requirements;Requirements Management;Enable test reports for requirements and efficiently bulk-create tracelinks
2606;Plan;Requirements;Requirements Management;Improve ReqlF user experience with Active Workspace embedded integration
2606;Plan;Requirements;Requirements Management - AI;Improvements to the Requirement Conformance AI’s user interface
2606;Plan;Systems;MBSE - System Architecture, Functional & Systems Modeling;Reuse elements of managed system model libraries in Rhapsody, SMW and Cameo
2606;Plan;Systems;MBSE - System Verification and Model Management;Create new KPI-driven parameters with units aligned to the KPI​
2606;Plan;Systems;MBSE - System Verification and Model Management;Export test status reports from requirements and tests to Word
2606;Plan;Systems;MBSE - System Verification and Model Management;Quickly navigate and visualize large scale relationships for comprehensive impact analysis
